dato;produksjon
01.01.03;399
02.01.03;786
03.01.03;145
04.01.03;761
05.01.03;227
06.01.03;716
07.01.03;792
08.01.03;953
09.01.03;354
10.01.03;763
11.01.03;985
12.01.03;1046
13.01.03;373
14.01.03;458
15.01.03;1182
16.01.03;983
17.01.03;1073
18.01.03;876
19.01.03;812
20.01.03;800
21.01.03;318
22.01.03;376
23.01.03;735
24.01.03;760
25.01.03;759
26.01.03;634
27.01.03;849
28.01.03;242
29.01.03;221
30.01.03;254
31.01.03;598
01.02.03;855
02.02.03;388
03.02.03;382
04.02.03;266
05.02.03;166
06.02.03;289
07.02.03;593
08.02.03;995
09.02.03;801
10.02.03;474
11.02.03;763
12.02.03;1037
13.02.03;1090
14.02.03;656
15.02.03;1085
16.02.03;755
17.02.03;702
18.02.03;636
19.02.03;644
20.02.03;782
21.02.03;592
22.02.03;276
23.02.03;691
24.02.03;593
25.02.03;233
26.02.03;691
27.02.03;285
28.02.03;159
01.03.03;320
02.03.03;444
03.03.03;393
04.03.03;561
05.03.03;270
06.03.03;293
07.03.03;907
08.03.03;615
09.03.03;614
10.03.03;1212
11.03.03;1265
12.03.03;991
13.03.03;1440
14.03.03;1068
15.03.03;697
16.03.03;1081
17.03.03;600
18.03.03;1004
19.03.03;566
20.03.03;294
21.03.03;1079
22.03.03;1207
23.03.03;1209
24.03.03;638
25.03.03;432
26.03.03;1385
27.03.03;1375
28.03.03;642
29.03.03;1116
30.03.03;1077
31.03.03;383
01.04.03;877
02.04.03;1015
03.04.03;1104
04.04.03;1204
05.04.03;1225
06.04.03;219
07.04.03;390
08.04.03;522
09.04.03;1007
10.04.03;871
11.04.03;969
12.04.03;323
13.04.03;316
14.04.03;173
15.04.03;372
16.04.03;300
17.04.03;523
18.04.03;782
19.04.03;841
20.04.03;645
21.04.03;353
22.04.03;938
23.04.03;1190
24.04.03;1035
25.04.03;447
26.04.03;280
27.04.03;335
28.04.03;619
29.04.03;1025
30.04.03;147
01.05.03;436
02.05.03;215
03.05.03;213
04.05.03;121
05.05.03;484
06.05.03;487
07.05.03;482
08.05.03;549
09.05.03;598
10.05.03;216
11.05.03;152
12.05.03;151
13.05.03;545
14.05.03;987
15.05.03;630
16.05.03;268
17.05.03;662
18.05.03;171
19.05.03;110
20.05.03;194
21.05.03;216
22.05.03;136
23.05.03;179
24.05.03;72
25.05.03;43
26.05.03;580
27.05.03;1157
28.05.03;448
29.05.03;547
30.05.03;908
31.05.03;833
01.06.03;156
02.06.03;179
03.06.03;337
04.06.03;406
05.06.03;784
06.06.03;408
07.06.03;276
08.06.03;235
09.06.03;757
10.06.03;548
11.06.03;118
12.06.03;342
13.06.03;295
14.06.03;397
15.06.03;248
16.06.03;134
17.06.03;313
18.06.03;180
19.06.03;791
20.06.03;337
21.06.03;236
22.06.03;271
23.06.03;213
24.06.03;254
25.06.03;352
26.06.03;351
27.06.03;73
28.06.03;436
29.06.03;638
30.06.03;63
01.07.03;242
02.07.03;478
03.07.03;497
04.07.03;382
05.07.03;213
06.07.03;110
07.07.03;84
08.07.03;127
09.07.03;177
10.07.03;166
11.07.03;319
12.07.03;197
13.07.03;650
14.07.03;229
15.07.03;69
16.07.03;362
17.07.03;909
18.07.03;270
19.07.03;199
20.07.03;148
21.07.03;102
22.07.03;147
23.07.03;469
24.07.03;548
25.07.03;726
26.07.03;185
27.07.03;467
28.07.03;324
29.07.03;540
30.07.03;179
31.07.03;212
01.08.03;224
02.08.03;332
03.08.03;470
04.08.03;847
05.08.03;244
06.08.03;80
07.08.03;253
08.08.03;273
09.08.03;245
10.08.03;146
11.08.03;228
12.08.03;222
13.08.03;372
14.08.03;904
15.08.03;522
16.08.03;188
17.08.03;111
18.08.03;380
19.08.03;299
20.08.03;650
21.08.03;419
22.08.03;531
23.08.03;259
24.08.03;152
25.08.03;153
26.08.03;458
27.08.03;619
28.08.03;948
29.08.03;412
30.08.03;233
31.08.03;159
01.09.03;38
02.09.03;908
03.09.03;1329
04.09.03;1421
05.09.03;406
06.09.03;462
07.09.03;140
08.09.03;249
09.09.03;249
10.09.03;300
11.09.03;430
12.09.03;449
13.09.03;778
14.09.03;1338
15.09.03;1444
16.09.03;790
17.09.03;394
18.09.03;993
19.09.03;512
20.09.03;197
21.09.03;591
22.09.03;1166
23.09.03;810
24.09.03;1415
25.09.03;812
26.09.03;638
27.09.03;471
28.09.03;209
29.09.03;61
30.09.03;124
01.10.03;420
02.10.03;390
03.10.03;1062
04.10.03;1706
05.10.03;677
06.10.03;378
07.10.03;107
08.10.03;1057
09.10.03;799
10.10.03;672
11.10.03;763
12.10.03;588
13.10.03;494
14.10.03;236
15.10.03;713
16.10.03;614
17.10.03;988
18.10.03;805
19.10.03;490
20.10.03;162
21.10.03;734
22.10.03;592
23.10.03;794
24.10.03;692
25.10.03;619
26.10.03;550
27.10.03;1496
28.10.03;1408
29.10.03;621
30.10.03;396
31.10.03;414
01.11.03;469
02.11.03;628
03.11.03;584
04.11.03;967
05.11.03;717
06.11.03;827
07.11.03;657
08.11.03;542
09.11.03;831
10.11.03;398
11.11.03;745
12.11.03;377
13.11.03;183
14.11.03;367
15.11.03;84
16.11.03;101
17.11.03;395
18.11.03;391
19.11.03;625
20.11.03;172
21.11.03;417
22.11.03;816
23.11.03;758
24.11.03;429
25.11.03;617
26.11.03;1074
27.11.03;790
28.11.03;523
29.11.03;521
30.11.03;648
01.12.03;363
02.12.03;728
03.12.03;1230
04.12.03;1295
05.12.03;1287
06.12.03;1001
07.12.03;1350
08.12.03;882
09.12.03;759
10.12.03;1123
11.12.03;1381
12.12.03;931
13.12.03;842
14.12.03;1155
15.12.03;876
16.12.03;933
17.12.03;1291
18.12.03;1216
19.12.03;1322
20.12.03;805
21.12.03;854
22.12.03;676
23.12.03;577
24.12.03;1312
25.12.03;874
26.12.03;577
27.12.03;599
28.12.03;603
29.12.03;228
30.12.03;842
31.12.03;448
01.01.04;782
02.01.04;846
03.01.04;617
04.01.04;251
05.01.04;199
06.01.04;656
07.01.04;893
08.01.04;556
09.01.04;743
10.01.04;412
11.01.04;807
12.01.04;603
13.01.04;458
14.01.04;353
15.01.04;164
16.01.04;421
17.01.04;680
18.01.04;1025
19.01.04;331
20.01.04;181
21.01.04;728
22.01.04;916
23.01.04;1004
24.01.04;296
25.01.04;569
26.01.04;842
27.01.04;475
28.01.04;188
29.01.04;169
30.01.04;594
31.01.04;258
01.02.04;571
02.02.04;496
03.02.04;601
04.02.04;1072
05.02.04;849
06.02.04;601
07.02.04;469
08.02.04;778
09.02.04;895
10.02.04;472
11.02.04;757
12.02.04;1343
13.02.04;1000
14.02.04;652
15.02.04;400
16.02.04;387
17.02.04;677
18.02.04;489
19.02.04;1508
20.02.04;1274
21.02.04;1066
22.02.04;918
23.02.04;631
24.02.04;869
25.02.04;592
26.02.04;163
27.02.04;103
28.02.04;662
29.02.04;1277
01.03.04;858
02.03.04;643
03.03.04;619
04.03.04;558
05.03.04;775
06.03.04;647
07.03.04;491
08.03.04;717
09.03.04;578
10.03.04;347
11.03.04;750
12.03.04;447
13.03.04;458
14.03.04;425
15.03.04;696
16.03.04;668
17.03.04;941
18.03.04;1322
19.03.04;714
20.03.04;654
21.03.04;515
22.03.04;473
23.03.04;439
24.03.04;315
25.03.04;245
26.03.04;893
27.03.04;1161
28.03.04;612
29.03.04;871
30.03.04;885
31.03.04;266
01.04.04;244
02.04.04;685
03.04.04;727
04.04.04;430
05.04.04;456
06.04.04;92
07.04.04;55
08.04.04;819
09.04.04;1367
10.04.04;853
11.04.04;440
12.04.04;633
13.04.04;912
14.04.04;956
15.04.04;239
16.04.04;363
17.04.04;357
18.04.04;549
19.04.04;747
20.04.04;574
21.04.04;296
22.04.04;208
23.04.04;242
24.04.04;226
25.04.04;139
26.04.04;56
27.04.04;70
28.04.04;155
29.04.04;199
30.04.04;66
01.05.04;114
02.05.04;935
03.05.04;227
04.05.04;391
05.05.04;465
06.05.04;514
07.05.04;290
08.05.04;269
09.05.04;299
10.05.04;475
11.05.04;340
12.05.04;551
13.05.04;454
14.05.04;525
15.05.04;268
16.05.04;296
17.05.04;1269
18.05.04;1067
19.05.04;566
20.05.04;434
21.05.04;557
22.05.04;196
23.05.04;246
24.05.04;900
25.05.04;239
26.05.04;152
27.05.04;177
28.05.04;318
29.05.04;571
30.05.04;572
31.05.04;381
01.06.04;550
02.06.04;379
03.06.04;329
04.06.04;83
05.06.04;775
06.06.04;661
07.06.04;787
08.06.04;681
09.06.04;643
10.06.04;544
11.06.04;431
12.06.04;334
13.06.04;968
14.06.04;1340
15.06.04;895
16.06.04;600
17.06.04;174
18.06.04;299
19.06.04;685
20.06.04;426
21.06.04;109
22.06.04;44
23.06.04;285
24.06.04;482
25.06.04;413
26.06.04;192
27.06.04;216
28.06.04;114
29.06.04;423
30.06.04;448
01.07.04;471
02.07.04;290
03.07.04;173
04.07.04;195
05.07.04;188
06.07.04;519
07.07.04;705
08.07.04;168
09.07.04;706
10.07.04;572
11.07.04;235
12.07.04;156
13.07.04;390
14.07.04;373
15.07.04;554
16.07.04;801
17.07.04;297
18.07.04;281
19.07.04;346
20.07.04;218
21.07.04;329
22.07.04;94
23.07.04;184
24.07.04;276
25.07.04;760
26.07.04;412
27.07.04;322
28.07.04;152
29.07.04;167
30.07.04;140
31.07.04;26
01.08.04;178
02.08.04;65
03.08.04;48
04.08.04;57
05.08.04;106
06.08.04;91
07.08.04;165
08.08.04;286
09.08.04;92
10.08.04;125
11.08.04;554
12.08.04;764
13.08.04;488
14.08.04;301
15.08.04;749
16.08.04;389
17.08.04;223
18.08.04;233
19.08.04;377
20.08.04;527
21.08.04;716
22.08.04;203
23.08.04;156
24.08.04;808
25.08.04;359
26.08.04;109
27.08.04;355
28.08.04;711
29.08.04;662
30.08.04;240
31.08.04;402
01.09.04;280
02.09.04;401
03.09.04;191
04.09.04;629
05.09.04;1565
06.09.04;2115
07.09.04;1727
08.09.04;959
09.09.04;1512
10.09.04;1385
11.09.04;455
12.09.04;809
13.09.04;611
14.09.04;821
15.09.04;642
16.09.04;409
17.09.04;478
18.09.04;469
19.09.04;512
20.09.04;471
21.09.04;544
22.09.04;976
23.09.04;676
24.09.04;942
25.09.04;381
26.09.04;646
27.09.04;928
28.09.04;552
29.09.04;124
30.09.04;311
01.10.04;286
02.10.04;384
03.10.04;301
04.10.04;944
05.10.04;488
06.10.04;321
07.10.04;628
08.10.04;499
09.10.04;637
10.10.04;113
11.10.04;1209
12.10.04;721
13.10.04;431
14.10.04;286
15.10.04;313
16.10.04;570
17.10.04;221
18.10.04;297
19.10.04;60
20.10.04;267
21.10.04;591
22.10.04;427
23.10.04;314
24.10.04;240
25.10.04;303
26.10.04;1134
27.10.04;1231
28.10.04;646
29.10.04;461
30.10.04;719
31.10.04;1968
01.11.04;1319
02.11.04;1714
03.11.04;533
04.11.04;683
05.11.04;1532
06.11.04;725
07.11.04;1458
08.11.04;1028
09.11.04;628
10.11.04;494
11.11.04;1685
12.11.04;2168
13.11.04;1951
14.11.04;1814
15.11.04;1695
16.11.04;2142
17.11.04;1283
18.11.04;598
19.11.04;1193
20.11.04;790
21.11.04;319
22.11.04;383
23.11.04;528
24.11.04;1865
25.11.04;742
26.11.04;1971
27.11.04;663
28.11.04;523
29.11.04;1782
30.11.04;2153
01.12.04;1740
02.12.04;398
03.12.04;1647
04.12.04;2329
05.12.04;1781
06.12.04;1549
07.12.04;1302
08.12.04;1823
09.12.04;1611
10.12.04;1803
11.12.04;2934
12.12.04;2824
13.12.04;900
14.12.04;1878
15.12.04;2373
16.12.04;1585
17.12.04;1086
18.12.04;1021
19.12.04;1112
20.12.04;546
21.12.04;2204
22.12.04;2020
23.12.04;1377
24.12.04;2442
25.12.04;744
26.12.04;1596
27.12.04;1585
28.12.04;1061
29.12.04;1429
30.12.04;2373
31.12.04;2593
01.01.05;1763
02.01.05;1938
03.01.05;2158
04.01.05;1559
05.01.05;2204
06.01.05;2023
07.01.05;1762
08.01.05;1298
09.01.05;2417
10.01.05;992
11.01.05;1655
12.01.05;1109
13.01.05;1649
14.01.05;1157
15.01.05;569
16.01.05;1475
17.01.05;1226
18.01.05;619
19.01.05;1329
20.01.05;898
21.01.05;750
22.01.05;1621
23.01.05;1772
24.01.05;445
25.01.05;1319
26.01.05;1461
27.01.05;1047
28.01.05;584
29.01.05;2563
30.01.05;1288
31.01.05;1904
01.02.05;2176
02.02.05;1781
03.02.05;2461
04.02.05;2041
05.02.05;955
06.02.05;872
07.02.05;1048
08.02.05;1443
09.02.05;1390
10.02.05;2172
11.02.05;2327
12.02.05;980
13.02.05;492
14.02.05;462
15.02.05;535
16.02.05;1092
17.02.05;2112
18.02.05;1625
19.02.05;1443
20.02.05;563
21.02.05;322
22.02.05;1904
23.02.05;1246
24.02.05;416
25.02.05;661
26.02.05;723
27.02.05;717
28.02.05;520
01.03.05;644
02.03.05;981
03.03.05;1099
04.03.05;672
05.03.05;855
06.03.05;1935
07.03.05;1051
08.03.05;422
09.03.05;1038
10.03.05;2159
11.03.05;706
12.03.05;591
13.03.05;657
14.03.05;145
15.03.05;556
16.03.05;864
17.03.05;1361
18.03.05;848
19.03.05;471
20.03.05;550
21.03.05;901
22.03.05;204
23.03.05;629
24.03.05;1389
25.03.05;368
26.03.05;367
27.03.05;166
28.03.05;481
29.03.05;742
30.03.05;398
31.03.05;561
01.04.05;377
02.04.05;1775
03.04.05;316
04.04.05;925
05.04.05;1749
06.04.05;1474
07.04.05;997
08.04.05;2132
09.04.05;673
10.04.05;1099
11.04.05;1644
12.04.05;2858
13.04.05;2706
14.04.05;1472
15.04.05;209
16.04.05;925
17.04.05;769
18.04.05;867
19.04.05;515
20.04.05;539
21.04.05;420
22.04.05;374
23.04.05;602
24.04.05;565
25.04.05;216
26.04.05;261
27.04.05;257
28.04.05;370
29.04.05;829
30.04.05;754
01.05.05;930
02.05.05;998
03.05.05;724
04.05.05;1551
05.05.05;1523
06.05.05;753
07.05.05;333
08.05.05;469
09.05.05;251
10.05.05;618
11.05.05;1324
12.05.05;1898
13.05.05;287
14.05.05;1890
15.05.05;367
16.05.05;373
17.05.05;733
18.05.05;569
19.05.05;778
20.05.05;453
21.05.05;464
22.05.05;280
23.05.05;611
24.05.05;779
25.05.05;1453
26.05.05;1301
27.05.05;2107
28.05.05;1846
29.05.05;1312
30.05.05;551
31.05.05;598
01.06.05;401
02.06.05;536
03.06.05;326
04.06.05;764
05.06.05;812
06.06.05;1241
07.06.05;2067
08.06.05;2289
09.06.05;2222
10.06.05;2535
11.06.05;763
12.06.05;1410
13.06.05;1114
14.06.05;1629
15.06.05;526
16.06.05;280
17.06.05;555
18.06.05;518
19.06.05;415
20.06.05;143
21.06.05;138
22.06.05;371
23.06.05;1430
24.06.05;1344
25.06.05;1387
26.06.05;1975
27.06.05;2437
28.06.05;1228
29.06.05;518
30.06.05;305
01.07.05;252
02.07.05;323
03.07.05;274
04.07.05;138
05.07.05;494
06.07.05;445
07.07.05;267
08.07.05;42
09.07.05;113
10.07.05;461
11.07.05;699
12.07.05;2122
13.07.05;2509
14.07.05;1159
15.07.05;116
16.07.05;212
17.07.05;189
18.07.05;188
19.07.05;158
20.07.05;573
21.07.05;384
22.07.05;360
23.07.05;485
24.07.05;426
25.07.05;310
26.07.05;126
27.07.05;115
28.07.05;737
29.07.05;536
30.07.05;678
31.07.05;1561
01.08.05;1034
02.08.05;627
03.08.05;592
04.08.05;287
05.08.05;804
06.08.05;868
07.08.05;1589
08.08.05;575
09.08.05;61
10.08.05;462
11.08.05;720
12.08.05;813
13.08.05;119
14.08.05;502
15.08.05;1107
16.08.05;1858
17.08.05;541
18.08.05;257
19.08.05;360
20.08.05;456
21.08.05;533
22.08.05;365
23.08.05;542
24.08.05;1292
25.08.05;959
26.08.05;901
27.08.05;1981
28.08.05;973
29.08.05;1688
30.08.05;2577
31.08.05;968
01.09.05;516
02.09.05;802
03.09.05;1191
04.09.05;1254
05.09.05;383
06.09.05;1136
07.09.05;1047
08.09.05;1531
09.09.05;1493
10.09.05;789
11.09.05;1488
12.09.05;1993
13.09.05;1182
14.09.05;1370
15.09.05;1281
16.09.05;1987
17.09.05;1999
18.09.05;2292
19.09.05;1409
20.09.05;1987
21.09.05;2452
22.09.05;1326
23.09.05;725
24.09.05;2143
25.09.05;712
26.09.05;870
27.09.05;529
28.09.05;491
29.09.05;902
30.09.05;908
01.10.05;533
02.10.05;1196
03.10.05;2346
04.10.05;2020
05.10.05;1909
06.10.05;1259
07.10.05;610
08.10.05;946
09.10.05;1198
10.10.05;904
11.10.05;893
12.10.05;427
13.10.05;1463
14.10.05;2388
15.10.05;261
16.10.05;307
17.10.05;257
18.10.05;231
19.10.05;120
20.10.05;811
21.10.05;634
22.10.05;688
23.10.05;244
24.10.05;383
25.10.05;1283
26.10.05;1450
27.10.05;724
28.10.05;1478
29.10.05;1240
30.10.05;950
31.10.05;649
01.11.05;755
02.11.05;733
03.11.05;703
04.11.05;310
05.11.05;328
06.11.05;703
07.11.05;723
08.11.05;1137
09.11.05;665
10.11.05;2021
11.11.05;1701
12.11.05;596
13.11.05;1671
14.11.05;1943
15.11.05;2017
16.11.05;1342
17.11.05;594
18.11.05;279
19.11.05;1635
20.11.05;315
21.11.05;1707
22.11.05;2329
23.11.05;2659
24.11.05;595
25.11.05;871
26.11.05;618
27.11.05;381
28.11.05;669
29.11.05;1045
30.11.05;1524
01.12.05;872
02.12.05;221
03.12.05;777
04.12.05;662
05.12.05;654
06.12.05;578
07.12.05;1007
08.12.05;416
09.12.05;781
10.12.05;1725
11.12.05;2385
12.12.05;2598
13.12.05;1488
14.12.05;2672
15.12.05;1585
16.12.05;724
17.12.05;2120
18.12.05;754
19.12.05;1073
20.12.05;875
21.12.05;1331
22.12.05;1063
23.12.05;1184
24.12.05;1527
25.12.05;1808
26.12.05;893
27.12.05;1118
28.12.05;1122
29.12.05;660
30.12.05;1197
31.12.05;902
01.01.06;435
02.01.06;583
03.01.06;977
04.01.06;1088
05.01.06;749
06.01.06;825
07.01.06;414
08.01.06;790
09.01.06;591
10.01.06;1603
11.01.06;1863
12.01.06;1335
13.01.06;1083
14.01.06;936
15.01.06;350
16.01.06;1130
17.01.06;1557
18.01.06;902
19.01.06;1301
20.01.06;1018
21.01.06;1043
22.01.06;1681
23.01.06;2146
24.01.06;1783
25.01.06;489
26.01.06;1444
27.01.06;1238
28.01.06;2750
29.01.06;3171
30.01.06;2627
31.01.06;2378
01.02.06;2285
02.02.06;747
03.02.06;208
04.02.06;713
05.02.06;887
06.02.06;1659
07.02.06;753
08.02.06;126
09.02.06;1203
10.02.06;1208
11.02.06;1377
12.02.06;886
13.02.06;889
14.02.06;504
15.02.06;1282
16.02.06;1633
17.02.06;950
18.02.06;626
19.02.06;475
20.02.06;224
21.02.06;417
22.02.06;2254
23.02.06;704
24.02.06;755
25.02.06;1515
26.02.06;1530
27.02.06;222
28.02.06;256
01.03.06;1079
02.03.06;1741
03.03.06;768
04.03.06;467
05.03.06;153
06.03.06;489
07.03.06;257
08.03.06;752
09.03.06;1420
10.03.06;1531
11.03.06;644
12.03.06;627
13.03.06;814
14.03.06;966
15.03.06;676
16.03.06;686
17.03.06;890
18.03.06;2023
19.03.06;1405
20.03.06;562
21.03.06;557
22.03.06;630
23.03.06;127
24.03.06;473
25.03.06;864
26.03.06;396
27.03.06;479
28.03.06;1027
29.03.06;595
30.03.06;608
31.03.06;257
01.04.06;383
02.04.06;418
03.04.06;1021
04.04.06;618
05.04.06;188
06.04.06;607
07.04.06;871
08.04.06;552
09.04.06;416
10.04.06;762
11.04.06;200
12.04.06;673
13.04.06;1423
14.04.06;2392
15.04.06;2094
16.04.06;404
17.04.06;501
18.04.06;929
19.04.06;1065
20.04.06;64
21.04.06;149
22.04.06;927
23.04.06;1571
24.04.06;221
25.04.06;1420
26.04.06;1472
27.04.06;1165
28.04.06;383
29.04.06;780
30.04.06;1488
01.05.06;1609
02.05.06;989
03.05.06;750
04.05.06;636
05.05.06;718
06.05.06;412
07.05.06;812
08.05.06;1038
09.05.06;516
10.05.06;513
11.05.06;861
12.05.06;2162
13.05.06;1445
14.05.06;1045
15.05.06;566
16.05.06;1030
17.05.06;1133
18.05.06;772
19.05.06;302
20.05.06;268
21.05.06;664
22.05.06;464
23.05.06;529
24.05.06;692
25.05.06;869
26.05.06;658
27.05.06;775
28.05.06;437
29.05.06;537
30.05.06;1025
31.05.06;517
01.06.06;238
02.06.06;2277
03.06.06;2525
04.06.06;1310
05.06.06;281
06.06.06;426
07.06.06;683
08.06.06;1369
09.06.06;2237
10.06.06;783
11.06.06;660
12.06.06;618
13.06.06;1628
14.06.06;2317
15.06.06;1859
16.06.06;1300
17.06.06;659
18.06.06;237
19.06.06;162
20.06.06;195
21.06.06;617
22.06.06;242
23.06.06;1000
24.06.06;380
25.06.06;909
26.06.06;499
27.06.06;937
28.06.06;330
29.06.06;131
30.06.06;324
01.07.06;222
02.07.06;317
03.07.06;131
04.07.06;485
05.07.06;478
06.07.06;363
07.07.06;353
08.07.06;406
09.07.06;280
10.07.06;1302
11.07.06;1369
12.07.06;1560
13.07.06;2770
14.07.06;2464
15.07.06;1359
16.07.06;651
17.07.06;1246
18.07.06;1223
19.07.06;1071
20.07.06;1030
21.07.06;600
22.07.06;457
23.07.06;879
24.07.06;903
25.07.06;204
26.07.06;119
27.07.06;107
28.07.06;94
29.07.06;771
30.07.06;150
31.07.06;301
01.08.06;163
02.08.06;375
03.08.06;186
04.08.06;31
05.08.06;162
06.08.06;286
07.08.06;782
08.08.06;632
09.08.06;543
10.08.06;309
11.08.06;170
12.08.06;129
13.08.06;116
14.08.06;1231
15.08.06;1233
16.08.06;449
17.08.06;146
18.08.06;167
19.08.06;709
20.08.06;337
21.08.06;1056
22.08.06;993
23.08.06;222
24.08.06;165
25.08.06;204
26.08.06;93
27.08.06;188
28.08.06;751
29.08.06;785
30.08.06;384
31.08.06;1170
01.09.06;519
02.09.06;490
03.09.06;1324
04.09.06;2309
05.09.06;1445
06.09.06;658
07.09.06;745
08.09.06;1333
09.09.06;2381
10.09.06;2021
11.09.06;770
12.09.06;832
13.09.06;748
14.09.06;583
15.09.06;302
16.09.06;794
17.09.06;792
18.09.06;410
19.09.06;319
20.09.06;1696
21.09.06;1082
22.09.06;718
23.09.06;1543
24.09.06;1357
25.09.06;881
26.09.06;829
27.09.06;676
28.09.06;245
29.09.06;629
30.09.06;153
01.10.06;761
02.10.06;842
03.10.06;1584
04.10.06;333
05.10.06;246
06.10.06;991
07.10.06;1324
08.10.06;1700
09.10.06;706
10.10.06;1423
11.10.06;941
12.10.06;470
13.10.06;649
14.10.06;1812
15.10.06;1582
16.10.06;2893
17.10.06;1329
18.10.06;1081
19.10.06;548
20.10.06;1540
21.10.06;1571
22.10.06;1827
23.10.06;287
24.10.06;511
25.10.06;971
26.10.06;1391
27.10.06;2135
28.10.06;847
29.10.06;602
30.10.06;856
31.10.06;2336
01.11.06;650
02.11.06;509
03.11.06;1659
04.11.06;2418
05.11.06;1537
06.11.06;2767
07.11.06;2188
08.11.06;2022
09.11.06;1143
10.11.06;1522
11.11.06;2228
12.11.06;2180
13.11.06;1438
14.11.06;2487
15.11.06;3126
16.11.06;2477
17.11.06;1926
18.11.06;2110
19.11.06;1179
20.11.06;1438
21.11.06;1975
22.11.06;1665
23.11.06;2325
24.11.06;1555
25.11.06;1525
26.11.06;2474
27.11.06;2100
28.11.06;1958
29.11.06;960
30.11.06;1589
01.12.06;977
02.12.06;1716
03.12.06;1528
04.12.06;2129
05.12.06;2181
06.12.06;2000
07.12.06;2278
08.12.06;1343
09.12.06;1471
10.12.06;1919
11.12.06;2909
12.12.06;2898
13.12.06;2925
14.12.06;1948
15.12.06;1783
16.12.06;1762
17.12.06;2397
18.12.06;2130
19.12.06;2913
20.12.06;3787
21.12.06;3653
22.12.06;3260
23.12.06;3117
24.12.06;2640
25.12.06;2343
26.12.06;3590
27.12.06;3240
28.12.06;1970
29.12.06;1162
30.12.06;2265
31.12.06;2905
01.01.07;1748
02.01.07;2671
03.01.07;1407
04.01.07;1448
05.01.07;1078
06.01.07;2064
07.01.07;1491
08.01.07;2128
09.01.07;1451
10.01.07;2187
11.01.07;1805
12.01.07;1960
13.01.07;1768
14.01.07;1751
15.01.07;1665
16.01.07;2159
17.01.07;1885
18.01.07;703
19.01.07;556
20.01.07;1579
21.01.07;1036
22.01.07;676
23.01.07;810
24.01.07;799
25.01.07;2276
26.01.07;2921
27.01.07;1721
28.01.07;413
29.01.07;1254
30.01.07;2355
31.01.07;1589
01.02.07;2938
02.02.07;3702
03.02.07;3159
04.02.07;2624
05.02.07;2717
06.02.07;601
07.02.07;798
08.02.07;1236
09.02.07;1579
10.02.07;1418
11.02.07;1335
12.02.07;1092
13.02.07;429
14.02.07;455
15.02.07;920
16.02.07;2297
17.02.07;829
18.02.07;1497
19.02.07;2145
20.02.07;4493
21.02.07;1955
22.02.07;1726
23.02.07;1980
24.02.07;1604
25.02.07;997
26.02.07;626
27.02.07;2010
28.02.07;2003
01.03.07;2546
02.03.07;1493
03.03.07;1660
04.03.07;1033
05.03.07;2260
06.03.07;3097
07.03.07;1702
08.03.07;1407
09.03.07;3319
10.03.07;4590
11.03.07;4611
12.03.07;3123
13.03.07;5537
14.03.07;5414
15.03.07;5125
16.03.07;5981
17.03.07;5147
18.03.07;2878
19.03.07;1504
20.03.07;4069
21.03.07;1016
22.03.07;2353
23.03.07;1985
24.03.07;813
25.03.07;1206
26.03.07;1501
27.03.07;1540
28.03.07;993
29.03.07;1442
30.03.07;2070
31.03.07;2335
01.04.07;4485
02.04.07;4722
03.04.07;3107
04.04.07;5905
05.04.07;5315
06.04.07;4871
07.04.07;4954
08.04.07;2241
09.04.07;1002
10.04.07;4440
11.04.07;3259
12.04.07;3919
13.04.07;3907
14.04.07;1718
15.04.07;1628
16.04.07;5630
17.04.07;3407
18.04.07;2532
19.04.07;4027
20.04.07;3053
21.04.07;600
22.04.07;2144
23.04.07;2554
24.04.07;1521
25.04.07;736
26.04.07;4343
27.04.07;3556
28.04.07;1096
29.04.07;1318
30.04.07;297
01.05.07;817
02.05.07;187
03.05.07;444
04.05.07;268
05.05.07;463
06.05.07;514
07.05.07;994
08.05.07;1930
09.05.07;1543
10.05.07;1608
11.05.07;1451
12.05.07;1111
13.05.07;529
14.05.07;1389
15.05.07;2989
16.05.07;2893
17.05.07;782
18.05.07;936
19.05.07;1263
20.05.07;5068
21.05.07;2110
22.05.07;2691
23.05.07;3300
24.05.07;3378
25.05.07;2602
26.05.07;1549
27.05.07;1868
28.05.07;3690
29.05.07;3027
30.05.07;3077
31.05.07;2511
01.06.07;1599
02.06.07;517
03.06.07;1386
04.06.07;723
05.06.07;3503
06.06.07;3607
07.06.07;1021
08.06.07;420
09.06.07;1669
10.06.07;1016
11.06.07;489
12.06.07;359
13.06.07;313
14.06.07;432
15.06.07;587
16.06.07;2461
17.06.07;4850
18.06.07;1103
19.06.07;1179
20.06.07;2530
21.06.07;2706
22.06.07;699
23.06.07;440
24.06.07;389
25.06.07;1061
26.06.07;1081
27.06.07;1177
28.06.07;3252
29.06.07;1237
30.06.07;2308
01.07.07;566
02.07.07;645
03.07.07;1425
04.07.07;2545
05.07.07;1423
06.07.07;2833
07.07.07;1937
08.07.07;1295
09.07.07;2481
10.07.07;2705
11.07.07;421
12.07.07;455
13.07.07;799
14.07.07;1201
15.07.07;598
16.07.07;1457
17.07.07;3279
18.07.07;2157
19.07.07;1051
20.07.07;545
21.07.07;1399
22.07.07;1111
23.07.07;1464
24.07.07;995
25.07.07;547
26.07.07;606
27.07.07;1386
28.07.07;1185
29.07.07;2902
30.07.07;640
31.07.07;1691
01.08.07;1584
02.08.07;1906
03.08.07;2221
04.08.07;2257
05.08.07;855
06.08.07;564
07.08.07;883
08.08.07;398
09.08.07;818
10.08.07;3077
11.08.07;494
12.08.07;513
13.08.07;741
14.08.07;717
15.08.07;2969
16.08.07;1135
17.08.07;1248
18.08.07;2672
19.08.07;1094
20.08.07;2299
21.08.07;2073
22.08.07;463
23.08.07;1707
24.08.07;2046
25.08.07;2918
26.08.07;1120
27.08.07;2833
28.08.07;1560
29.08.07;1108
30.08.07;1234
31.08.07;225
01.09.07;1320
02.09.07;4626
03.09.07;3637
04.09.07;937
05.09.07;4822
06.09.07;3729
07.09.07;2994
08.09.07;2821
09.09.07;1418
10.09.07;948
11.09.07;3088
12.09.07;4442
13.09.07;1324
14.09.07;3959
15.09.07;5873
16.09.07;2549
17.09.07;4730
18.09.07;1876
19.09.07;2876
20.09.07;2593
21.09.07;3748
22.09.07;5030
23.09.07;1510
24.09.07;1498
25.09.07;2762
26.09.07;3690
27.09.07;870
28.09.07;2741
29.09.07;2858
30.09.07;2445
01.10.07;2672
02.10.07;1857
03.10.07;1431
04.10.07;895
05.10.07;440
06.10.07;1450
07.10.07;5859
08.10.07;4046
09.10.07;3921
10.10.07;2041
11.10.07;4018
12.10.07;2286
13.10.07;2983
14.10.07;2945
15.10.07;1628
16.10.07;2910
17.10.07;5373
18.10.07;4923
19.10.07;1866
20.10.07;6079
21.10.07;1868
22.10.07;1149
23.10.07;1162
24.10.07;4127
25.10.07;1965
26.10.07;1336
27.10.07;1737
28.10.07;2907
29.10.07;3430
30.10.07;4373
31.10.07;4829
01.11.07;5453
02.11.07;2752
03.11.07;5134
04.11.07;1608
05.11.07;3561
06.11.07;4279
07.11.07;4369
08.11.07;2393
09.11.07;3872
10.11.07;3732
11.11.07;2851
12.11.07;1335
13.11.07;1004
14.11.07;1328
15.11.07;5401
16.11.07;5248
17.11.07;3502
18.11.07;1848
19.11.07;1187
20.11.07;1329
21.11.07;1719
22.11.07;3369
23.11.07;4395
24.11.07;4015
25.11.07;3924
26.11.07;4602
27.11.07;1461
28.11.07;1947
29.11.07;4720
30.11.07;1616
01.12.07;1861
02.12.07;2163
03.12.07;1381
04.12.07;3416
05.12.07;2436
06.12.07;2099
07.12.07;798
08.12.07;1338
09.12.07;952
10.12.07;675
11.12.07;817
12.12.07;1642
13.12.07;2262
14.12.07;3428
15.12.07;1349
16.12.07;2790
17.12.07;4193
18.12.07;3108
19.12.07;6904
20.12.07;6811
21.12.07;5805
22.12.07;934
23.12.07;3350
24.12.07;6394
25.12.07;4334
26.12.07;5076
27.12.07;4844
28.12.07;5217
29.12.07;1059
30.12.07;4478
31.12.07;1474
01.01.08;2700
02.01.08;2854
03.01.08;3974
04.01.08;4451
05.01.08;4636
06.01.08;2581
07.01.08;2128
08.01.08;1364
09.01.08;1743
10.01.08;1176
11.01.08;1587
12.01.08;978
13.01.08;1282
14.01.08;1085
15.01.08;2524
16.01.08;2964
17.01.08;1507
18.01.08;2876
19.01.08;4720
20.01.08;4123
21.01.08;2006
22.01.08;914
23.01.08;3627
24.01.08;3927
25.01.08;4986
26.01.08;5017
27.01.08;4739
28.01.08;5822
29.01.08;2898
30.01.08;3659
31.01.08;3471
01.02.08;3395
02.02.08;4314
03.02.08;2001
04.02.08;2398
05.02.08;3055
06.02.08;4080
07.02.08;4253
08.02.08;2818
09.02.08;2582
10.02.08;3794
11.02.08;2558
12.02.08;5590
13.02.08;5719
14.02.08;2908
15.02.08;1317
16.02.08;6559
17.02.08;5080
18.02.08;3783
19.02.08;2442
20.02.08;1007
21.02.08;3878
22.02.08;5729
23.02.08;4630
24.02.08;4470
25.02.08;4439
26.02.08;1822
27.02.08;2993
28.02.08;2730
29.02.08;3915
01.03.08;2929
02.03.08;4295
03.03.08;1803
04.03.08;4636
05.03.08;5031
06.03.08;5279
07.03.08;1654
08.03.08;2695
09.03.08;3172
10.03.08;1224
11.03.08;2879
12.03.08;3022
13.03.08;1617
14.03.08;1983
15.03.08;2047
16.03.08;3349
17.03.08;2534
18.03.08;2690
19.03.08;1484
20.03.08;2901
21.03.08;4173
22.03.08;554
23.03.08;2045
24.03.08;1742
25.03.08;910
26.03.08;621
27.03.08;1168
28.03.08;1747
29.03.08;2170
30.03.08;2139
31.03.08;1153
01.04.08;1852
02.04.08;801
03.04.08;384
04.04.08;3830
05.04.08;2552
06.04.08;2099
07.04.08;4679
08.04.08;1721
09.04.08;1726
10.04.08;1449
11.04.08;804
12.04.08;1405
13.04.08;1848
14.04.08;2844
15.04.08;2280
16.04.08;2273
17.04.08;1745
18.04.08;1533
19.04.08;1372
20.04.08;606
21.04.08;1618
22.04.08;984
23.04.08;1045
24.04.08;1504
25.04.08;772
26.04.08;1017
27.04.08;1439
28.04.08;1172
29.04.08;2287
30.04.08;3086
01.05.08;3818
02.05.08;1323
03.05.08;197
04.05.08;582
05.05.08;840
06.05.08;2125
07.05.08;2064
08.05.08;2094
09.05.08;1341
10.05.08;1219
11.05.08;4602
12.05.08;1719
13.05.08;606
14.05.08;2168
15.05.08;329
16.05.08;1803
17.05.08;2401
18.05.08;789
19.05.08;1253
20.05.08;672
21.05.08;536
22.05.08;649
23.05.08;1349
24.05.08;2190
25.05.08;1067
26.05.08;1345
27.05.08;1522
28.05.08;1216
29.05.08;1288
30.05.08;444
31.05.08;456
01.06.08;496
02.06.08;3835
03.06.08;1304
04.06.08;276
05.06.08;300
06.06.08;783
07.06.08;489
08.06.08;2901
09.06.08;4943
10.06.08;3746
11.06.08;1103
12.06.08;1383
13.06.08;486
14.06.08;1587
15.06.08;473
16.06.08;672
17.06.08;263
18.06.08;323
19.06.08;901
20.06.08;2253
21.06.08;3890
22.06.08;1972
23.06.08;2492
24.06.08;3936
25.06.08;2585
26.06.08;1022
27.06.08;703
28.06.08;543
29.06.08;488
30.06.08;1513
01.07.08;1110
02.07.08;1192
03.07.08;1336
04.07.08;1350
05.07.08;1429
06.07.08;3611
07.07.08;3930
08.07.08;1898
09.07.08;246
10.07.08;772
11.07.08;3478
12.07.08;381
13.07.08;334
14.07.08;1189
15.07.08;3809
16.07.08;3526
17.07.08;2605
18.07.08;1066
19.07.08;937
20.07.08;1232
21.07.08;1263
22.07.08;2075
23.07.08;4441
24.07.08;1730
25.07.08;874
26.07.08;795
27.07.08;308
28.07.08;693
29.07.08;613
30.07.08;476
31.07.08;519
01.08.08;2839
02.08.08;1839
03.08.08;1487
04.08.08;3886
05.08.08;1200
06.08.08;488
07.08.08;952
08.08.08;1396
09.08.08;179
10.08.08;1407
11.08.08;1081
12.08.08;426
13.08.08;1307
14.08.08;2591
15.08.08;1011
16.08.08;1755
17.08.08;1566
18.08.08;1046
19.08.08;763
20.08.08;584
21.08.08;483
22.08.08;313
23.08.08;630
24.08.08;717
25.08.08;2581
26.08.08;1094
27.08.08;714
28.08.08;1316
29.08.08;1006
30.08.08;910
31.08.08;1986
01.09.08;2548
02.09.08;1742
03.09.08;4373
04.09.08;1255
05.09.08;1041
06.09.08;1174
07.09.08;1157
08.09.08;672
09.09.08;1664
10.09.08;3036
11.09.08;2977
12.09.08;1703
13.09.08;239
14.09.08;248
15.09.08;206
16.09.08;423
17.09.08;307
18.09.08;953
19.09.08;3149
20.09.08;1540
21.09.08;2065
22.09.08;2375
23.09.08;3085
24.09.08;1045
25.09.08;2004
26.09.08;3066
27.09.08;7775
28.09.08;5853
29.09.08;1485
30.09.08;1185
01.10.08;2908
02.10.08;2549
03.10.08;2156
04.10.08;2667
05.10.08;4272
06.10.08;6867
07.10.08;2102
08.10.08;3267
09.10.08;5053
10.10.08;3341
11.10.08;6826
12.10.08;6938
13.10.08;5872
14.10.08;6742
15.10.08;1922
16.10.08;763
17.10.08;2661
18.10.08;2498
19.10.08;3718
20.10.08;5205
21.10.08;6706
22.10.08;7296
23.10.08;3707
24.10.08;6130
25.10.08;5601
26.10.08;3797
27.10.08;4377
28.10.08;2134
29.10.08;1272
30.10.08;631
31.10.08;1051
01.11.08;4690
02.11.08;7246
03.11.08;7262
04.11.08;3417
05.11.08;713
06.11.08;1459
07.11.08;2150
08.11.08;2421
09.11.08;3723
10.11.08;4206
11.11.08;2770
12.11.08;2505
13.11.08;2561
14.11.08;2841
15.11.08;3888
16.11.08;3795
17.11.08;7379
18.11.08;7077
19.11.08;3725
20.11.08;5614
21.11.08;3332
22.11.08;4461
23.11.08;1274
24.11.08;3664
25.11.08;3311
26.11.08;5059
27.11.08;4837
28.11.08;3853
29.11.08;2622
30.11.08;2750
01.12.08;1174
02.12.08;1317
03.12.08;992
04.12.08;891
05.12.08;1019
06.12.08;631
07.12.08;2658
08.12.08;3856
09.12.08;3462
10.12.08;621
11.12.08;3110
12.12.08;2918
13.12.08;2959
14.12.08;3034
15.12.08;2719
16.12.08;4820
17.12.08;4819
18.12.08;6375
19.12.08;5453
20.12.08;2916
21.12.08;4541
22.12.08;4928
23.12.08;2606
24.12.08;4333
25.12.08;6464
26.12.08;7350
27.12.08;1769
28.12.08;1376
29.12.08;3934
30.12.08;7903
31.12.08;5200
01.01.09;3656
02.01.09;5641
03.01.09;1916
04.01.09;1045
05.01.09;4747
06.01.09;6044
07.01.09;4567
08.01.09;7551
09.01.09;6563
10.01.09;6474
11.01.09;6886
12.01.09;7307
13.01.09;2485
14.01.09;2214
15.01.09;3336
16.01.09;4670
17.01.09;5105
18.01.09;5744
19.01.09;4399
20.01.09;5080
21.01.09;4039
22.01.09;3624
23.01.09;3924
24.01.09;5792
25.01.09;3885
26.01.09;2119
27.01.09;1368
28.01.09;1519
29.01.09;1715
30.01.09;2118
31.01.09;1680
01.02.09;1168
02.02.09;727
03.02.09;1814
04.02.09;1664
05.02.09;719
06.02.09;1763
07.02.09;1072
08.02.09;969
09.02.09;4562
10.02.09;2784
11.02.09;4582
12.02.09;2485
13.02.09;1306
14.02.09;1012
15.02.09;1543
16.02.09;2312
17.02.09;4480
18.02.09;4381
19.02.09;3802
20.02.09;4522
21.02.09;5366
22.02.09;3659
23.02.09;4258
24.02.09;2816
25.02.09;1789
26.02.09;1277
27.02.09;2335
28.02.09;2716
01.03.09;4121
02.03.09;3747
03.03.09;3535
04.03.09;4304
05.03.09;3267
06.03.09;3556
07.03.09;3505
08.03.09;4971
09.03.09;4687
10.03.09;2659
11.03.09;2897
12.03.09;2207
13.03.09;5704
14.03.09;2753
15.03.09;2491
16.03.09;6456
17.03.09;6764
18.03.09;1877
19.03.09;2728
20.03.09;7612
21.03.09;4212
22.03.09;2503
23.03.09;2634
24.03.09;880
25.03.09;1242
26.03.09;3314
27.03.09;3436
28.03.09;2769
29.03.09;2376
30.03.09;5263
31.03.09;6238
01.04.09;3096
02.04.09;7539
03.04.09;4534
04.04.09;2356
05.04.09;2770
06.04.09;4204
07.04.09;1664
08.04.09;2993
09.04.09;2852
10.04.09;1424
11.04.09;2888
12.04.09;4299
13.04.09;1813
14.04.09;1368
15.04.09;1931
16.04.09;1065
17.04.09;3535
18.04.09;1153
19.04.09;2234
20.04.09;1394
21.04.09;1748
22.04.09;2583
23.04.09;574
24.04.09;1463
25.04.09;1826
26.04.09;1411
27.04.09;1778
28.04.09;796
29.04.09;2203
30.04.09;1083
01.05.09;711
02.05.09;1785
03.05.09;2708
04.05.09;1141
05.05.09;4695
06.05.09;2782
07.05.09;2483
08.05.09;3612
09.05.09;4261
10.05.09;4982
11.05.09;2870
12.05.09;1549
13.05.09;825
14.05.09;2767
15.05.09;1744
16.05.09;1941
17.05.09;1381
18.05.09;1730
19.05.09;1139
20.05.09;457
21.05.09;658
22.05.09;2212
23.05.09;1229
24.05.09;639
25.05.09;3767
26.05.09;855
27.05.09;3322
28.05.09;2364
29.05.09;5346
30.05.09;1495
31.05.09;2728
01.06.09;1448
02.06.09;2975
03.06.09;4498
04.06.09;2923
05.06.09;2737
06.06.09;1218
07.06.09;1081
08.06.09;240
09.06.09;359
10.06.09;532
11.06.09;437
12.06.09;403
13.06.09;760
14.06.09;1456
15.06.09;2521
16.06.09;1598
17.06.09;1620
18.06.09;2662
19.06.09;1436
20.06.09;1473
21.06.09;1595
22.06.09;1406
23.06.09;572
24.06.09;352
25.06.09;1304
26.06.09;1224
27.06.09;502
28.06.09;2405
29.06.09;854
30.06.09;953
01.07.09;783
02.07.09;1008
03.07.09;2408
04.07.09;3509
05.07.09;2502
06.07.09;2150
07.07.09;1532
08.07.09;3372
09.07.09;3045
10.07.09;1457
11.07.09;557
12.07.09;770
13.07.09;759
14.07.09;971
15.07.09;763
16.07.09;204
17.07.09;1509
18.07.09;4567
19.07.09;2880
20.07.09;1708
21.07.09;1161
22.07.09;678
23.07.09;1061
24.07.09;605
25.07.09;1555
26.07.09;2613
27.07.09;997
28.07.09;1251
29.07.09;1210
30.07.09;2225
31.07.09;4489
01.08.09;2061
02.08.09;1732
03.08.09;1116
04.08.09;550
05.08.09;185
06.08.09;574
07.08.09;254
08.08.09;521
09.08.09;182
10.08.09;166
11.08.09;451
12.08.09;1391
13.08.09;3609
14.08.09;3786
15.08.09;2102
16.08.09;873
17.08.09;858
18.08.09;1608
19.08.09;2223
20.08.09;3109
21.08.09;1737
22.08.09;1469
23.08.09;691
24.08.09;724
25.08.09;1091
26.08.09;907
27.08.09;1637
28.08.09;1735
29.08.09;4041
30.08.09;6222
31.08.09;5764
01.09.09;2068
02.09.09;2900
03.09.09;2213
04.09.09;3613
05.09.09;1528
06.09.09;1426
07.09.09;2840
08.09.09;4425
09.09.09;6108
10.09.09;6249
11.09.09;6773
12.09.09;6330
13.09.09;1577
14.09.09;843
15.09.09;3906
16.09.09;5623
17.09.09;6436
18.09.09;7012
19.09.09;704
20.09.09;5871
21.09.09;5105
22.09.09;5665
23.09.09;6108
24.09.09;2743
25.09.09;6399
26.09.09;7205
27.09.09;6964
28.09.09;7057
29.09.09;4783
30.09.09;1816
01.10.09;1004
02.10.09;1751
03.10.09;2609
04.10.09;1739
05.10.09;1737
06.10.09;2843
07.10.09;3586
08.10.09;1467
09.10.09;2464
10.10.09;939
11.10.09;1037
12.10.09;1974
13.10.09;701
14.10.09;2414
15.10.09;4625
16.10.09;3583
17.10.09;1744
18.10.09;1549
19.10.09;3146
20.10.09;1165
21.10.09;2249
22.10.09;2452
23.10.09;2248
24.10.09;2327
25.10.09;2638
26.10.09;1065
27.10.09;1052
28.10.09;2546
29.10.09;1821
30.10.09;779
31.10.09;1845
01.11.09;2133
02.11.09;5340
03.11.09;4822
04.11.09;6062
05.11.09;3939
06.11.09;2684
07.11.09;3327
08.11.09;1509
09.11.09;404
10.11.09;1091
11.11.09;1500
12.11.09;593
13.11.09;1851
14.11.09;4690
15.11.09;3462
16.11.09;2079
17.11.09;3918
18.11.09;1963
19.11.09;1690
20.11.09;4279
21.11.09;7547
22.11.09;1759
23.11.09;1780
24.11.09;1826
25.11.09;3675
26.11.09;4457
27.11.09;4490
28.11.09;1040
29.11.09;2119
30.11.09;2290
01.12.09;3998
02.12.09;2361
03.12.09;2492
04.12.09;2205
05.12.09;3268
06.12.09;4559
07.12.09;3074
08.12.09;1488
09.12.09;1292
10.12.09;648
11.12.09;596
12.12.09;1288
13.12.09;2883
14.12.09;2888
15.12.09;1372
16.12.09;3100
17.12.09;3298
18.12.09;6086
19.12.09;3286
20.12.09;4492
21.12.09;2717
22.12.09;2347
23.12.09;2517
24.12.09;3023
25.12.09;2354
26.12.09;6247
27.12.09;3451
28.12.09;1447
29.12.09;2215
30.12.09;1515
31.12.09;1052
01.01.10;4173
02.01.10;2247
03.01.10;4602
04.01.10;1824
05.01.10;1384
06.01.10;1152
07.01.10;1567
08.01.10;2945
09.01.10;4559
10.01.10;4370
11.01.10;1245
12.01.10;1438
13.01.10;932
14.01.10;859
15.01.10;1688
16.01.10;3846
17.01.10;4874
18.01.10;3399
19.01.10;3069
20.01.10;3142
21.01.10;3574
22.01.10;3257
23.01.10;1211
24.01.10;2664
25.01.10;3288
26.01.10;4194
27.01.10;5970
28.01.10;3074
29.01.10;4559
30.01.10;5619
31.01.10;1937
01.02.10;3186
02.02.10;2249
03.02.10;2511
04.02.10;4533
05.02.10;4047
06.02.10;2010
07.02.10;1936
08.02.10;1988
09.02.10;1186
10.02.10;4704
11.02.10;792
12.02.10;2362
13.02.10;3481
14.02.10;528
15.02.10;1652
16.02.10;1071
17.02.10;1962
18.02.10;1967
19.02.10;2884
20.02.10;3578
21.02.10;4401
22.02.10;1947
23.02.10;1286
24.02.10;3184
25.02.10;1798
26.02.10;667
27.02.10;2438
28.02.10;456
01.03.10;481
02.03.10;1025
03.03.10;1450
04.03.10;1257
05.03.10;1575
06.03.10;4753
07.03.10;8596
08.03.10;5803
09.03.10;6832
10.03.10;8017
11.03.10;4468
12.03.10;2197
13.03.10;2055
14.03.10;1525
15.03.10;1778
16.03.10;691
17.03.10;750
18.03.10;3270
19.03.10;1858
20.03.10;3324
21.03.10;1814
22.03.10;1883
23.03.10;3287
24.03.10;1244
25.03.10;2685
26.03.10;884
27.03.10;1899
28.03.10;1802
29.03.10;1864
30.03.10;1085
31.03.10;2637
01.04.10;2240
02.04.10;2397
03.04.10;1028
04.04.10;1577
05.04.10;1325
06.04.10;2308
07.04.10;1987
08.04.10;324
09.04.10;1870
10.04.10;425
11.04.10;1188
12.04.10;4276
13.04.10;1905
14.04.10;2951
15.04.10;4469
16.04.10;4489
17.04.10;4570
18.04.10;2706
19.04.10;2503
20.04.10;1637
21.04.10;427
22.04.10;585
23.04.10;2042
24.04.10;2135
25.04.10;1496
26.04.10;2916
27.04.10;2224
28.04.10;1857
29.04.10;2224
30.04.10;3100
01.05.10;3347
02.05.10;1303
03.05.10;1422
04.05.10;776
05.05.10;811
06.05.10;1061
07.05.10;765
08.05.10;1975
09.05.10;1879
10.05.10;734
11.05.10;2967
12.05.10;1827
13.05.10;1311
14.05.10;806
15.05.10;1032
16.05.10;2389
17.05.10;1564
18.05.10;1013
19.05.10;834
20.05.10;1110
21.05.10;649
22.05.10;2177
23.05.10;1213
24.05.10;590
25.05.10;2181
26.05.10;1772
27.05.10;1405
28.05.10;528
29.05.10;2417
30.05.10;842
31.05.10;373
01.06.10;1397
02.06.10;1108
03.06.10;3695
04.06.10;1930
05.06.10;2558
06.06.10;1256
07.06.10;2085
08.06.10;1351
09.06.10;2903
10.06.10;2018
11.06.10;1116
12.06.10;2601
13.06.10;1475
14.06.10;1125
15.06.10;1300
16.06.10;2413
17.06.10;4059
18.06.10;4772
19.06.10;4766
20.06.10;1201
21.06.10;1955
22.06.10;2248
23.06.10;1382
24.06.10;1279
25.06.10;1264
26.06.10;1717
27.06.10;1516
28.06.10;966
29.06.10;400
30.06.10;717
01.07.10;744
02.07.10;702
03.07.10;457
04.07.10;1086
05.07.10;3710
06.07.10;2989
07.07.10;376
08.07.10;764
09.07.10;724
10.07.10;2882
11.07.10;2396
12.07.10;2915
13.07.10;3772
14.07.10;2514
15.07.10;4850
16.07.10;1900
17.07.10;2012
18.07.10;3014
19.07.10;4404
20.07.10;1328
21.07.10;1204
22.07.10;3274
23.07.10;2256
24.07.10;1398
25.07.10;1120
26.07.10;1172
27.07.10;1043
28.07.10;542
29.07.10;2120
30.07.10;1938
31.07.10;3926
01.08.10;626
02.08.10;2565
03.08.10;269
04.08.10;530
05.08.10;1496
06.08.10;2054
07.08.10;907
08.08.10;521
09.08.10;1347
10.08.10;363
11.08.10;1171
12.08.10;1070
13.08.10;1200
14.08.10;2456
15.08.10;3518
16.08.10;2723
17.08.10;2279
18.08.10;4326
19.08.10;1208
20.08.10;2292
21.08.10;2711
22.08.10;4043
23.08.10;3901
24.08.10;4156
25.08.10;1878
26.08.10;283
27.08.10;184
28.08.10;406
29.08.10;1300
30.08.10;1301
31.08.10;2332
01.09.10;970
02.09.10;701
03.09.10;480
04.09.10;1262
05.09.10;287
06.09.10;1507
07.09.10;1476
08.09.10;1574
09.09.10;1708
10.09.10;1093
11.09.10;1490
12.09.10;2383
13.09.10;1570
14.09.10;2425
15.09.10;6200
16.09.10;3612
17.09.10;850
18.09.10;337
19.09.10;909
20.09.10;532
21.09.10;1617
22.09.10;1256
23.09.10;2579
24.09.10;1310
25.09.10;2417
26.09.10;2139
27.09.10;1778
28.09.10;1291
29.09.10;1333
30.09.10;973
01.10.10;1823
02.10.10;2961
03.10.10;4617
04.10.10;5370
05.10.10;5380
06.10.10;4769
07.10.10;4518
08.10.10;1870
09.10.10;3915
10.10.10;2217
11.10.10;3251
12.10.10;1966
13.10.10;4068
14.10.10;4721
15.10.10;1693
16.10.10;2846
17.10.10;4503
18.10.10;5667
19.10.10;5545
20.10.10;1319
21.10.10;2780
22.10.10;2995
23.10.10;2695
24.10.10;2699
25.10.10;3226
26.10.10;1203
27.10.10;4717
28.10.10;7579
29.10.10;3005
30.10.10;3267
31.10.10;5776
01.11.10;4237
02.11.10;3691
03.11.10;3362
04.11.10;7898
05.11.10;3805
06.11.10;5438
07.11.10;2991
08.11.10;1586
09.11.10;3117
10.11.10;2474
11.11.10;2254
12.11.10;3749
13.11.10;919
14.11.10;307
15.11.10;915
16.11.10;1867
17.11.10;2545
18.11.10;1924
19.11.10;1796
20.11.10;2770
21.11.10;2338
22.11.10;1588
23.11.10;1301
24.11.10;3651
25.11.10;2554
26.11.10;4956
27.11.10;5206
28.11.10;4749
29.11.10;2883
30.11.10;1375
01.12.10;2303
02.12.10;4373
03.12.10;1227
04.12.10;3403
05.12.10;5007
06.12.10;6570
07.12.10;2633
08.12.10;1287
09.12.10;1657
10.12.10;3170
11.12.10;2185
12.12.10;2011
13.12.10;2334
14.12.10;1264
15.12.10;6739
16.12.10;3360
17.12.10;3869
18.12.10;6189
19.12.10;5024
20.12.10;4160
21.12.10;1062
22.12.10;2025
23.12.10;2409
24.12.10;2201
25.12.10;1494
26.12.10;1525
27.12.10;2823
28.12.10;1924
29.12.10;3253
30.12.10;5426
31.12.10;5181
01.01.11;4224
02.01.11;2778
03.01.11;594
04.01.11;2468
05.01.11;3631
06.01.11;4912
07.01.11;6855
08.01.11;2921
09.01.11;3215
10.01.11;4404
11.01.11;2053
12.01.11;1290
13.01.11;1567
14.01.11;2696
15.01.11;5599
16.01.11;6065
17.01.11;7509
18.01.11;5282
19.01.11;1652
20.01.11;3675
21.01.11;7564
22.01.11;5102
23.01.11;5375
24.01.11;5968
25.01.11;1320
26.01.11;2789
27.01.11;7127
28.01.11;7532
29.01.11;6755
30.01.11;7152
31.01.11;7381
01.02.11;6697
02.02.11;6136
03.02.11;5342
04.02.11;5487
05.02.11;6907
06.02.11;6056
07.02.11;6422
08.02.11;4823
09.02.11;1057
10.02.11;3981
11.02.11;4303
12.02.11;857
13.02.11;3053
14.02.11;3373
15.02.11;2431
16.02.11;2592
17.02.11;2809
18.02.11;1707
19.02.11;1611
20.02.11;1511
21.02.11;2592
22.02.11;2877
23.02.11;3218
24.02.11;4418
25.02.11;4435
26.02.11;4609
27.02.11;3110
28.02.11;3021
01.03.11;6804
02.03.11;6051
03.03.11;6053
04.03.11;6650
05.03.11;6703
06.03.11;3857
07.03.11;8807
08.03.11;7613
09.03.11;5173
10.03.11;4517
11.03.11;4719
12.03.11;4981
13.03.11;2046
14.03.11;1554
15.03.11;3232
16.03.11;3726
17.03.11;3974
18.03.11;2635
19.03.11;6815
20.03.11;8047
21.03.11;7115
22.03.11;5010
23.03.11;7176
24.03.11;7591
25.03.11;4730
26.03.11;4594
27.03.11;3802
28.03.11;1149
29.03.11;2470
30.03.11;814
31.03.11;1826
01.04.11;1745
02.04.11;4053
03.04.11;3767
04.04.11;5038
05.04.11;4160
06.04.11;6302
07.04.11;5497
08.04.11;6574
09.04.11;6235
10.04.11;4868
11.04.11;2485
12.04.11;2567
13.04.11;3149
14.04.11;2279
15.04.11;8077
16.04.11;7853
17.04.11;8530
18.04.11;2272
19.04.11;2419
20.04.11;1346
21.04.11;1819
22.04.11;1733
23.04.11;913
24.04.11;1385
25.04.11;1623
26.04.11;5097
27.04.11;2142
28.04.11;1339
29.04.11;968
30.04.11;2516
01.05.11;1650
02.05.11;1576
03.05.11;745
04.05.11;1649
05.05.11;529
06.05.11;1377
07.05.11;1490
08.05.11;2103
09.05.11;1667
10.05.11;2109
11.05.11;927
12.05.11;1487
13.05.11;1100
14.05.11;801
15.05.11;958
16.05.11;3130
17.05.11;4340
18.05.11;1991
19.05.11;4325
20.05.11;3531
21.05.11;2614
22.05.11;1949
23.05.11;2593
24.05.11;5337
25.05.11;4511
26.05.11;3102
27.05.11;1539
28.05.11;1008
29.05.11;1461
30.05.11;4222
31.05.11;959
01.06.11;1958
02.06.11;7006
03.06.11;6107
04.06.11;4285
05.06.11;2248
06.06.11;1366
07.06.11;1055
08.06.11;1255
09.06.11;2377
10.06.11;1051
11.06.11;1003
12.06.11;1593
13.06.11;989
14.06.11;2933
15.06.11;1137
16.06.11;1609
17.06.11;993
18.06.11;1771
19.06.11;1633
20.06.11;983
21.06.11;3157
22.06.11;1282
23.06.11;1835
24.06.11;1132
25.06.11;1026
26.06.11;491
27.06.11;1910
28.06.11;2499
29.06.11;2072
30.06.11;1905
01.07.11;2849
02.07.11;4731
03.07.11;2473
04.07.11;1923
05.07.11;419
06.07.11;2075
07.07.11;1619
08.07.11;795
09.07.11;1847
10.07.11;900
11.07.11;887
12.07.11;2689
13.07.11;2111
14.07.11;2083
15.07.11;1543
16.07.11;1868
17.07.11;2295
18.07.11;2803
19.07.11;1771
20.07.11;725
21.07.11;1426
22.07.11;2541
23.07.11;3446
24.07.11;1928
25.07.11;3612
26.07.11;3269
27.07.11;1252
28.07.11;532
29.07.11;1018
30.07.11;1383
31.07.11;806
01.08.11;90
02.08.11;401
03.08.11;950
04.08.11;2420
05.08.11;1956
06.08.11;1254
07.08.11;3349
08.08.11;1647
09.08.11;3190
10.08.11;739
11.08.11;320
12.08.11;420
13.08.11;1695
14.08.11;4707
15.08.11;3688
16.08.11;982
17.08.11;952
18.08.11;731
19.08.11;1900
20.08.11;977
21.08.11;2053
22.08.11;2287
23.08.11;823
24.08.11;2459
25.08.11;1264
26.08.11;2894
27.08.11;3475
28.08.11;3794
29.08.11;2205
30.08.11;1809
31.08.11;1075
01.09.11;412
02.09.11;1368
03.09.11;3339
04.09.11;3269
05.09.11;2200
06.09.11;3552
07.09.11;5582
08.09.11;2624
09.09.11;812
10.09.11;1396
11.09.11;2614
12.09.11;3000
13.09.11;3791
14.09.11;4105
15.09.11;4493
16.09.11;2088
17.09.11;4447
18.09.11;3192
19.09.11;5005
20.09.11;3113
21.09.11;2611
22.09.11;5361
23.09.11;5198
24.09.11;1651
25.09.11;1891
26.09.11;5901
27.09.11;5985
28.09.11;5021
29.09.11;6975
30.09.11;2720
01.10.11;2057
02.10.11;2536
03.10.11;3129
04.10.11;8633
05.10.11;6131
06.10.11;5542
07.10.11;7234
08.10.11;3255
09.10.11;6279
10.10.11;7008
11.10.11;5430
12.10.11;5842
13.10.11;1346
14.10.11;2429
15.10.11;3414
16.10.11;2439
17.10.11;3106
18.10.11;6045
19.10.11;8330
20.10.11;6798
21.10.11;4051
22.10.11;4022
23.10.11;3616
24.10.11;3587
25.10.11;3495
26.10.11;5927
27.10.11;4660
28.10.11;6477
29.10.11;3481
30.10.11;4494
31.10.11;3608
01.11.11;4071
02.11.11;4046
03.11.11;2907
04.11.11;4962
05.11.11;4811
06.11.11;2344
07.11.11;6630
08.11.11;2624
09.11.11;3185
10.11.11;2209
11.11.11;2335
12.11.11;3813
13.11.11;6480
14.11.11;5217
15.11.11;1963
16.11.11;3360
17.11.11;1676
18.11.11;2347
19.11.11;1466
20.11.11;3969
21.11.11;1560
22.11.11;2791
23.11.11;5933
24.11.11;7031
25.11.11;5465
26.11.11;4316
27.11.11;5239
28.11.11;5773
29.11.11;5584
30.11.11;7330
01.12.11;6140
02.12.11;6724
03.12.11;7356
04.12.11;6080
05.12.11;6249
06.12.11;5023
07.12.11;2025
08.12.11;4082
09.12.11;5652
10.12.11;1713
11.12.11;1957
12.12.11;2670
13.12.11;5149
14.12.11;5661
15.12.11;5940
16.12.11;3626
17.12.11;2563
18.12.11;1422
19.12.11;1666
20.12.11;2465
21.12.11;2908
22.12.11;4823
23.12.11;7534
24.12.11;7518
25.12.11;6461
26.12.11;5212
27.12.11;6350
28.12.11;4459
29.12.11;2520
30.12.11;3007
31.12.11;3554
01.01.12;4078
02.01.12;3016
03.01.12;4212
04.01.12;4050
05.01.12;2234
06.01.12;2810
07.01.12;2302
08.01.12;1682
09.01.12;5255
10.01.12;6243
11.01.12;7468
12.01.12;8081
13.01.12;6382
14.01.12;3336
15.01.12;7009
16.01.12;4628
17.01.12;1698
18.01.12;5739
19.01.12;6445
20.01.12;3464
21.01.12;5466
22.01.12;3857
23.01.12;3955
24.01.12;4178
25.01.12;5964
26.01.12;5403
27.01.12;5879
28.01.12;4863
29.01.12;3918
30.01.12;3390
31.01.12;2243
01.02.12;2881
02.02.12;5235
03.02.12;6038
04.02.12;6169
05.02.12;5780
06.02.12;5762
07.02.12;3749
08.02.12;2400
09.02.12;5638
10.02.12;8038
11.02.12;5582
12.02.12;3739
13.02.12;6806
14.02.12;7960
15.02.12;4001
16.02.12;7899
17.02.12;5885
18.02.12;6723
19.02.12;7996
20.02.12;7396
21.02.12;7445
22.02.12;7614
23.02.12;5159
24.02.12;8107
25.02.12;2746
26.02.12;1633
27.02.12;7012
28.02.12;8026
29.02.12;6978
01.03.12;7579
02.03.12;5180
03.03.12;4388
04.03.12;4702
05.03.12;2869
06.03.12;3231
07.03.12;6515
08.03.12;5073
09.03.12;8941
10.03.12;8959
11.03.12;8381
12.03.12;8376
13.03.12;5170
14.03.12;4622
15.03.12;7738
16.03.12;6628
17.03.12;3581
18.03.12;5406
19.03.12;4971
20.03.12;6775
21.03.12;6642
22.03.12;7099
23.03.12;3234
24.03.12;6235
25.03.12;3472
26.03.12;6472
27.03.12;7252
28.03.12;7195
29.03.12;6560
30.03.12;6671
31.03.12;2525
01.04.12;6328
02.04.12;4158
03.04.12;1750
04.04.12;6573
05.04.12;3678
06.04.12;3144
07.04.12;1593
08.04.12;2318
09.04.12;2777
10.04.12;4162
11.04.12;1330
12.04.12;3478
13.04.12;1787
14.04.12;2244
15.04.12;1642
16.04.12;1882
17.04.12;1011
18.04.12;1873
19.04.12;2391
20.04.12;3177
21.04.12;1963
22.04.12;1092
23.04.12;2934
24.04.12;1323
25.04.12;2223
26.04.12;3034
27.04.12;4591
28.04.12;5509
29.04.12;1628
30.04.12;2959
01.05.12;3294
02.05.12;5952
03.05.12;1636
04.05.12;2985
05.05.12;3676
06.05.12;7164
07.05.12;2939
08.05.12;3179
09.05.12;2592
10.05.12;2157
11.05.12;4950
12.05.12;4099
13.05.12;5174
14.05.12;7332
15.05.12;3868
16.05.12;1866
17.05.12;2913
18.05.12;3706
19.05.12;2487
20.05.12;2555
21.05.12;4638
22.05.12;1659
23.05.12;531
24.05.12;1351
25.05.12;1776
26.05.12;1816
27.05.12;5813
28.05.12;4223
29.05.12;2297
30.05.12;1324
31.05.12;1796
01.06.12;1696
02.06.12;2308
03.06.12;5618
04.06.12;2759
05.06.12;2187
06.06.12;875
07.06.12;2560
08.06.12;3785
09.06.12;3369
10.06.12;1545
11.06.12;1360
12.06.12;2478
13.06.12;1646
14.06.12;2678
15.06.12;1528
16.06.12;3177
17.06.12;1664
18.06.12;904
19.06.12;3761
20.06.12;1621
21.06.12;2979
22.06.12;3139
23.06.12;2815
24.06.12;1725
25.06.12;1095
26.06.12;1925
27.06.12;1595
28.06.12;2517
29.06.12;3450
30.06.12;3067
01.07.12;1765
02.07.12;1939
03.07.12;2551
04.07.12;2336
05.07.12;1129
06.07.12;2720
07.07.12;4821
08.07.12;3624
09.07.12;2156
10.07.12;1215
11.07.12;1758
12.07.12;1062
13.07.12;1542
14.07.12;2997
15.07.12;1809
16.07.12;3214
17.07.12;2033
18.07.12;1327
19.07.12;2704
20.07.12;3773
21.07.12;4424
22.07.12;5527
23.07.12;7714
24.07.12;6243
25.07.12;5577
26.07.12;2449
27.07.12;973
28.07.12;1067
29.07.12;2850
30.07.12;1447
31.07.12;1785
01.08.12;5947
02.08.12;2089
03.08.12;2462
04.08.12;1004
05.08.12;593
06.08.12;421
07.08.12;2686
08.08.12;1738
09.08.12;2038
10.08.12;5930
11.08.12;5585
12.08.12;1332
13.08.12;947
14.08.12;873
15.08.12;622
16.08.12;1400
17.08.12;1240
18.08.12;1770
19.08.12;2137
20.08.12;1539
21.08.12;820
22.08.12;1133
23.08.12;1341
24.08.12;339
25.08.12;1568
26.08.12;2271
27.08.12;1730
28.08.12;6200
29.08.12;4065
30.08.12;7160
31.08.12;5000
01.09.12;2094
02.09.12;7421
03.09.12;4845
04.09.12;7073
05.09.12;8332
06.09.12;5729
07.09.12;8175
08.09.12;4748
09.09.12;4085
10.09.12;4651
11.09.12;5510
12.09.12;5803
13.09.12;7579
14.09.12;7704
15.09.12;8348
16.09.12;6243
17.09.12;4235
18.09.12;1251
19.09.12;2633
20.09.12;2677
21.09.12;1534
22.09.12;983
23.09.12;1110
24.09.12;3501
25.09.12;5856
26.09.12;3673
27.09.12;2417
28.09.12;3138
29.09.12;2818
30.09.12;4407
01.10.12;3289
02.10.12;4343
03.10.12;5211
04.10.12;3421
05.10.12;1599
06.10.12;4195
07.10.12;9045
08.10.12;5538
09.10.12;3121
10.10.12;1337
11.10.12;1786
12.10.12;6497
13.10.12;6041
14.10.12;5719
15.10.12;7048
16.10.12;2748
17.10.12;2334
18.10.12;2144
19.10.12;2385
20.10.12;4417
21.10.12;1657
22.10.12;3751
23.10.12;7085
24.10.12;5578
25.10.12;9129
26.10.12;8652
27.10.12;3530
28.10.12;1862
29.10.12;2760
30.10.12;4510
31.10.12;7824
01.11.12;8674
02.11.12;7614
03.11.12;4158
04.11.12;1061
05.11.12;3702
06.11.12;10463
07.11.12;7787
08.11.12;4230
09.11.12;6286
10.11.12;5313
11.11.12;4444
12.11.12;6075
13.11.12;5725
14.11.12;9943
15.11.12;7181
16.11.12;6736
17.11.12;4764
18.11.12;6580
19.11.12;8300
20.11.12;5967
21.11.12;6500
22.11.12;4794
23.11.12;8631
24.11.12;4241
25.11.12;5197
26.11.12;5151
27.11.12;3107
28.11.12;3221
29.11.12;3804
30.11.12;6581
01.12.12;9410
02.12.12;4333
03.12.12;3927
04.12.12;3094
05.12.12;2359
06.12.12;3433
07.12.12;5745
08.12.12;6160
09.12.12;7036
10.12.12;1949
11.12.12;1818
12.12.12;4247
13.12.12;6902
14.12.12;8450
15.12.12;9662
16.12.12;8025
17.12.12;5142
18.12.12;4092
19.12.12;4668
20.12.12;3933
21.12.12;7613
22.12.12;8917
23.12.12;9225
24.12.12;7108
25.12.12;3074
26.12.12;4172
27.12.12;11575
28.12.12;8064
29.12.12;9676
30.12.12;6534
31.12.12;6489
01.01.13;7019
02.01.13;4070
03.01.13;10092
04.01.13;6187
05.01.13;5358
06.01.13;4679
07.01.13;5544
08.01.13;3890
09.01.13;2648
10.01.13;1356
11.01.13;4029
12.01.13;2072
13.01.13;2683
14.01.13;2776
15.01.13;2271
16.01.13;4208
17.01.13;5751
18.01.13;4734
19.01.13;3826
20.01.13;4408
21.01.13;5637
22.01.13;4046
23.01.13;2400
24.01.13;1846
25.01.13;5320
26.01.13;9234
27.01.13;5856
28.01.13;8537
29.01.13;4319
30.01.13;6438
31.01.13;5338
01.02.13;5401
02.02.13;6373
03.02.13;5123
04.02.13;7256
05.02.13;3791
06.02.13;1838
07.02.13;765
08.02.13;676
09.02.13;1897
10.02.13;4864
11.02.13;3874
12.02.13;2484
13.02.13;5550
14.02.13;8996
15.02.13;5179
16.02.13;5188
17.02.13;3831
18.02.13;4159
19.02.13;5188
20.02.13;4302
21.02.13;5511
22.02.13;3549
23.02.13;1946
24.02.13;2742
25.02.13;5200
26.02.13;10750
27.02.13;11207
28.02.13;11903
01.03.13;7611
02.03.13;10644
03.03.13;6521
04.03.13;8677
05.03.13;9533
06.03.13;8229
07.03.13;5417
08.03.13;5273
09.03.13;4159
10.03.13;5214
11.03.13;3612
12.03.13;4832
13.03.13;2230
14.03.13;2154
15.03.13;5470
16.03.13;7779
17.03.13;8074
18.03.13;7191
19.03.13;7072
20.03.13;7705
21.03.13;5838
22.03.13;7597
23.03.13;3444
24.03.13;1792
25.03.13;1666
26.03.13;5164
27.03.13;3529
28.03.13;1673
29.03.13;2341
30.03.13;3382
31.03.13;6670
01.04.13;4099
02.04.13;2660
03.04.13;4618
04.04.13;1412
05.04.13;1791
06.04.13;3321
07.04.13;2094
08.04.13;1324
09.04.13;3161
10.04.13;3335
11.04.13;4589
12.04.13;2875
13.04.13;1254
14.04.13;6932
15.04.13;5762
16.04.13;6399
17.04.13;7673
18.04.13;5581
19.04.13;8101
20.04.13;6034
21.04.13;5033
22.04.13;7358
23.04.13;12378
24.04.13;7398
25.04.13;6636
26.04.13;1170
27.04.13;1483
28.04.13;5619
29.04.13;4563
30.04.13;5533
01.05.13;6302
02.05.13;9818
03.05.13;4123
04.05.13;4994
05.05.13;5072
06.05.13;5075
07.05.13;4850
08.05.13;5149
09.05.13;4156
10.05.13;5054
11.05.13;3559
12.05.13;2357
13.05.13;7073
14.05.13;6647
15.05.13;6753
16.05.13;5172
17.05.13;6121
18.05.13;4130
19.05.13;2511
20.05.13;4159
21.05.13;4471
22.05.13;5203
23.05.13;4439
24.05.13;3811
25.05.13;2303
26.05.13;1417
27.05.13;3760
28.05.13;2818
29.05.13;2777
30.05.13;1525
31.05.13;659
01.06.13;2693
02.06.13;5634
03.06.13;4760
04.06.13;3371
05.06.13;2153
06.06.13;2926
07.06.13;2860
08.06.13;4228
09.06.13;3193
10.06.13;1488
11.06.13;2168
12.06.13;4974
13.06.13;4227
14.06.13;7047
15.06.13;5809
16.06.13;2546
17.06.13;2064
18.06.13;681
19.06.13;1090
20.06.13;2179
21.06.13;1096
22.06.13;4161
23.06.13;2560
24.06.13;886
25.06.13;2606
26.06.13;4500
27.06.13;2970
28.06.13;4189
29.06.13;4577
30.06.13;1171
01.07.13;2812
02.07.13;1407
03.07.13;4470
04.07.13;2480
05.07.13;6785
06.07.13;3707
07.07.13;8749
08.07.13;6334
09.07.13;9444
10.07.13;5652
11.07.13;3586
12.07.13;1696
13.07.13;5647
14.07.13;8836
15.07.13;9813
16.07.13;3285
17.07.13;5540
18.07.13;7602
19.07.13;5340
20.07.13;7775
21.07.13;2045
22.07.13;3005
23.07.13;2182
24.07.13;465
25.07.13;638
26.07.13;654
27.07.13;477
28.07.13;3780
29.07.13;4222
30.07.13;2887
31.07.13;4767
01.08.13;1996
02.08.13;4861
03.08.13;5633
04.08.13;3157
05.08.13;3821
06.08.13;3754
07.08.13;2714
08.08.13;3392
09.08.13;2149
10.08.13;898
11.08.13;1421
12.08.13;3555
13.08.13;5813
14.08.13;2094
15.08.13;1912
16.08.13;3938
17.08.13;6037
18.08.13;5952
19.08.13;6700
20.08.13;7174
21.08.13;4376
22.08.13;1744
23.08.13;4051
24.08.13;4125
25.08.13;1357
26.08.13;4515
27.08.13;3738
28.08.13;6929
29.08.13;3213
30.08.13;3216
31.08.13;6276
01.09.13;3892
02.09.13;3420
03.09.13;3081
04.09.13;2768
05.09.13;5414
06.09.13;5013
07.09.13;5172
08.09.13;5352
09.09.13;2331
10.09.13;1679
11.09.13;819
12.09.13;1419
13.09.13;2498
14.09.13;2448
15.09.13;6482
16.09.13;6924
17.09.13;7472
18.09.13;4878
19.09.13;3269
20.09.13;3490
21.09.13;6635
22.09.13;7083
23.09.13;5185
24.09.13;1671
25.09.13;1837
26.09.13;2663
27.09.13;2864
28.09.13;3421
29.09.13;2922
30.09.13;2518
01.10.13;4366
02.10.13;6564
03.10.13;8216
04.10.13;8888
05.10.13;6558
06.10.13;8812
07.10.13;5271
08.10.13;3906
09.10.13;6381
10.10.13;6124
11.10.13;6216
12.10.13;2847
13.10.13;3463
14.10.13;2194
15.10.13;3511
16.10.13;853
17.10.13;2905
18.10.13;3573
19.10.13;4384
20.10.13;7787
21.10.13;8438
22.10.13;9146
23.10.13;7171
24.10.13;11145
25.10.13;7690
26.10.13;8079
27.10.13;6473
28.10.13;5056
29.10.13;3576
30.10.13;4834
31.10.13;7674
01.11.13;6945
02.11.13;5638
03.11.13;7657
04.11.13;4138
05.11.13;2388
06.11.13;1971
07.11.13;5473
08.11.13;6689
09.11.13;5017
10.11.13;5800
11.11.13;9147
12.11.13;11573
13.11.13;10372
14.11.13;6818
15.11.13;12879
16.11.13;8706
17.11.13;7771
18.11.13;6005
19.11.13;4259
20.11.13;7322
21.11.13;3135
22.11.13;5539
23.11.13;7503
24.11.13;8973
25.11.13;6615
26.11.13;7671
27.11.13;8769
28.11.13;9417
29.11.13;5430
30.11.13;9020
01.12.13;11553
02.12.13;11120
03.12.13;10156
04.12.13;10791
05.12.13;6885
06.12.13;9757
07.12.13;7522
08.12.13;6598
09.12.13;5813
10.12.13;11995
11.12.13;11681
12.12.13;9449
13.12.13;8001
14.12.13;9208
15.12.13;10804
16.12.13;12541
17.12.13;11341
18.12.13;9616
19.12.13;10361
20.12.13;7232
21.12.13;10569
22.12.13;8348
23.12.13;9181
24.12.13;11023
25.12.13;11289
26.12.13;10106
27.12.13;9779
28.12.13;9492
29.12.13;7912
30.12.13;8712
31.12.13;10530
01.01.14;9962
02.01.14;10685
03.01.14;10267
04.01.14;9620
05.01.14;7355
06.01.14;11017
07.01.14;10519
08.01.14;6350
09.01.14;3334
10.01.14;3536
11.01.14;5866
12.01.14;3642
13.01.14;8450
14.01.14;6700
15.01.14;9079
16.01.14;10673
17.01.14;9703
18.01.14;8097
19.01.14;7314
20.01.14;5905
21.01.14;6508
22.01.14;6897
23.01.14;8784
24.01.14;8643
25.01.14;10008
26.01.14;9666
27.01.14;12682
28.01.14;11652
29.01.14;8718
30.01.14;7675
31.01.14;8074
01.02.14;10470
02.02.14;12444
03.02.14;8534
04.02.14;7614
05.02.14;7758
06.02.14;8878
07.02.14;6557
08.02.14;8600
09.02.14;10915
10.02.14;9451
11.02.14;7694
12.02.14;8350
13.02.14;11183
14.02.14;9702
15.02.14;10316
16.02.14;9268
17.02.14;8206
18.02.14;3805
19.02.14;1550
20.02.14;7115
21.02.14;10039
22.02.14;10501
23.02.14;10457
24.02.14;11139
25.02.14;10236
26.02.14;9261
27.02.14;9987
28.02.14;5390
01.03.14;4314
02.03.14;6819
03.03.14;7812
04.03.14;7676
05.03.14;8166
06.03.14;12535
07.03.14;11578
08.03.14;11797
09.03.14;10129
10.03.14;10443
11.03.14;9114
12.03.14;10378
13.03.14;9968
14.03.14;10462
15.03.14;8522
16.03.14;8227
17.03.14;8065
18.03.14;3511
19.03.14;7455
20.03.14;10676
21.03.14;12983
22.03.14;10139
23.03.14;6455
24.03.14;3874
25.03.14;3474
26.03.14;6414
27.03.14;1984
28.03.14;3794
29.03.14;3825
30.03.14;1569
31.03.14;2338
01.04.14;3688
02.04.14;2832
03.04.14;1786
04.04.14;5118
05.04.14;5567
06.04.14;5512
07.04.14;4701
08.04.14;8787
09.04.14;5760
10.04.14;9680
11.04.14;8780
12.04.14;10986
13.04.14;10870
14.04.14;11221
15.04.14;7539
16.04.14;11998
17.04.14;8016
18.04.14;5289
19.04.14;8285
20.04.14;2405
21.04.14;2859
22.04.14;9303
23.04.14;8055
24.04.14;3715
25.04.14;1251
26.04.14;3512
27.04.14;3064
28.04.14;2122
29.04.14;3061
30.04.14;3108
01.05.14;1836
02.05.14;3618
03.05.14;5609
04.05.14;626
05.05.14;3315
06.05.14;6222
07.05.14;5091
08.05.14;4892
09.05.14;2610
10.05.14;1589
11.05.14;3447
12.05.14;3775
13.05.14;6054
14.05.14;2160
15.05.14;6911
16.05.14;5732
17.05.14;7749
18.05.14;5458
19.05.14;1245
20.05.14;1577
21.05.14;5297
22.05.14;4865
23.05.14;3498
24.05.14;6294
25.05.14;3373
26.05.14;2270
27.05.14;3445
28.05.14;2573
29.05.14;1570
30.05.14;2449
31.05.14;1928
01.06.14;1193
02.06.14;1262
03.06.14;2313
04.06.14;1969
05.06.14;2759
06.06.14;2394
07.06.14;1085
08.06.14;1486
09.06.14;1293
10.06.14;4056
11.06.14;3972
12.06.14;4477
13.06.14;5266
14.06.14;2811
15.06.14;4657
16.06.14;5156
17.06.14;4976
18.06.14;6639
19.06.14;7536
20.06.14;6866
21.06.14;8421
22.06.14;6113
23.06.14;3299
24.06.14;2508
25.06.14;2504
26.06.14;2178
27.06.14;2726
28.06.14;1933
29.06.14;3717
30.06.14;2242
01.07.14;1180
02.07.14;1617
03.07.14;5682
04.07.14;5395
05.07.14;7333
06.07.14;4398
07.07.14;6155
08.07.14;1738
09.07.14;2737
10.07.14;1907
11.07.14;1149
12.07.14;963
13.07.14;1553
14.07.14;1854
15.07.14;3637
16.07.14;2587
17.07.14;1960
18.07.14;394
19.07.14;1398
20.07.14;3309
21.07.14;1721
22.07.14;367
23.07.14;1049
24.07.14;2533
25.07.14;1090
26.07.14;1534
27.07.14;949
28.07.14;682
29.07.14;1390
30.07.14;2713
31.07.14;6080
01.08.14;3439
02.08.14;4360
03.08.14;3820
04.08.14;1240
05.08.14;805
06.08.14;1947
07.08.14;3037
08.08.14;1478
09.08.14;6545
10.08.14;8186
11.08.14;8882
12.08.14;6813
13.08.14;3836
14.08.14;1935
15.08.14;3594
16.08.14;2469
17.08.14;3075
18.08.14;5452
19.08.14;6289
20.08.14;6791
21.08.14;1810
22.08.14;1298
23.08.14;1773
24.08.14;3304
25.08.14;1910
26.08.14;793
27.08.14;628
28.08.14;1533
29.08.14;5408
30.08.14;5130
31.08.14;4067
01.09.14;4058
02.09.14;4864
03.09.14;6161
04.09.14;5822
05.09.14;2824
06.09.14;1877
07.09.14;2823
08.09.14;1998
09.09.14;3849
10.09.14;3855
11.09.14;6394
12.09.14;1823
13.09.14;4874
14.09.14;3907
15.09.14;4314
16.09.14;3472
17.09.14;3244
18.09.14;3060
19.09.14;3175
20.09.14;4773
21.09.14;9606
22.09.14;2703
23.09.14;2179
24.09.14;5368
25.09.14;6187
26.09.14;12872
27.09.14;11463
28.09.14;9861
29.09.14;5653
30.09.14;5765
01.10.14;8353
02.10.14;6365
03.10.14;9766
04.10.14;11152
05.10.14;7668
06.10.14;10860
07.10.14;10863
08.10.14;11234
09.10.14;11214
10.10.14;7822
11.10.14;3585
12.10.14;3087
13.10.14;1184
14.10.14;2051
15.10.14;3311
16.10.14;4130
17.10.14;2491
18.10.14;6475
19.10.14;7756
20.10.14;7628
21.10.14;11959
22.10.14;8971
23.10.14;11804
24.10.14;9993
25.10.14;8893
26.10.14;13268
27.10.14;12327
28.10.14;8628
29.10.14;9121
30.10.14;8935
31.10.14;7793
01.11.14;10625
02.11.14;9715
03.11.14;7338
04.11.14;8153
05.11.14;5320
06.11.14;9420
07.11.14;11357
08.11.14;10424
09.11.14;9214
10.11.14;4593
11.11.14;4687
12.11.14;9231
13.11.14;11051
14.11.14;8414
15.11.14;9327
16.11.14;8198
17.11.14;7610
18.11.14;5486
19.11.14;4797
20.11.14;3300
21.11.14;5370
22.11.14;5461
23.11.14;8398
24.11.14;5654
25.11.14;8067
26.11.14;5944
27.11.14;7297
28.11.14;7741
29.11.14;6570
30.11.14;7083
01.12.14;7684
02.12.14;10315
03.12.14;9273
04.12.14;6263
05.12.14;5535
06.12.14;9434
07.12.14;10015
08.12.14;9033
09.12.14;8535
10.12.14;12219
11.12.14;10668
12.12.14;7482
13.12.14;8867
14.12.14;11576
15.12.14;11959
16.12.14;6258
17.12.14;5827
18.12.14;7879
19.12.14;10733
20.12.14;7461
21.12.14;7971
22.12.14;10164
23.12.14;7876
24.12.14;3904
25.12.14;5685
26.12.14;4253
27.12.14;3111
28.12.14;4187
29.12.14;10150
30.12.14;12682
31.12.14;13025
01.01.15;12279
02.01.15;11264
03.01.15;10022
04.01.15;9550
05.01.15;6430
06.01.15;11546
07.01.15;7730
08.01.15;12930
09.01.15;6745
10.01.15;9310
11.01.15;8676
12.01.15;12214
13.01.15;12585
14.01.15;14241
15.01.15;11806
16.01.15;10035
17.01.15;8555
18.01.15;8358
19.01.15;7292
20.01.15;9946
21.01.15;8114
22.01.15;4314
23.01.15;11101
24.01.15;10771
25.01.15;7518
26.01.15;10286
27.01.15;9611
28.01.15;10533
29.01.15;8057
30.01.15;10613
31.01.15;7598
01.02.15;5491
02.02.15;6847
03.02.15;5100
04.02.15;3911
05.02.15;10770
06.02.15;11989
07.02.15;11687
08.02.15;12293
09.02.15;12107
10.02.15;10887
11.02.15;9985
12.02.15;6181
13.02.15;5858
14.02.15;5261
15.02.15;13447
16.02.15;12086
17.02.15;14143
18.02.15;12332
19.02.15;13627
20.02.15;9841
21.02.15;5759
22.02.15;4829
23.02.15;11003
24.02.15;9559
25.02.15;6665
26.02.15;9471
27.02.15;9422
28.02.15;12122
01.03.15;13085
02.03.15;7559
03.03.15;3995
04.03.15;4024
05.03.15;9890
06.03.15;11028
07.03.15;13859
08.03.15;11917
09.03.15;11792
10.03.15;9971
11.03.15;8578
12.03.15;9887
13.03.15;9051
14.03.15;3862
15.03.15;5710
16.03.15;7628
17.03.15;8073
18.03.15;5499
19.03.15;7251
20.03.15;5263
21.03.15;4501
22.03.15;12895
23.03.15;9860
24.03.15;2827
25.03.15;5860
26.03.15;7469
27.03.15;4690
28.03.15;8411
29.03.15;8216
30.03.15;5118
31.03.15;2687
01.04.15;7254
02.04.15;4972
03.04.15;1891
04.04.15;931
05.04.15;6645
06.04.15;11607
07.04.15;12872
08.04.15;11568
09.04.15;9144
10.04.15;8816
11.04.15;9705
12.04.15;11232
13.04.15;7579
14.04.15;9999
15.04.15;9504
16.04.15;7151
17.04.15;2429
18.04.15;6387
19.04.15;6306
20.04.15;3406
21.04.15;7146
22.04.15;10617
23.04.15;11454
24.04.15;5635
25.04.15;7912
26.04.15;7345
27.04.15;2101
28.04.15;2382
29.04.15;2697
30.04.15;1943
01.05.15;2333
02.05.15;3156
03.05.15;5509
04.05.15;8216
05.05.15;7884
06.05.15;10031
07.05.15;6808
08.05.15;8413
09.05.15;5661
10.05.15;6770
11.05.15;7699
12.05.15;4205
13.05.15;5875
14.05.15;7592
15.05.15;5336
16.05.15;6422
17.05.15;2374
18.05.15;4217
19.05.15;5406
20.05.15;2716
21.05.15;3718
22.05.15;8854
23.05.15;10159
24.05.15;6522
25.05.15;3180
26.05.15;2985
27.05.15;3950
28.05.15;4279
29.05.15;5120
30.05.15;3056
31.05.15;3795
01.06.15;11130
02.06.15;10551
03.06.15;8678
04.06.15;9480
05.06.15;7790
06.06.15;7331
07.06.15;5375
08.06.15;5901
09.06.15;10147
10.06.15;9444
11.06.15;8859
12.06.15;10767
13.06.15;3933
14.06.15;6092
15.06.15;7959
16.06.15;7439
17.06.15;4516
18.06.15;3141
19.06.15;2033
20.06.15;2834
21.06.15;2271
22.06.15;3057
23.06.15;3308
24.06.15;3863
25.06.15;4470
26.06.15;1700
27.06.15;1267
28.06.15;1573
29.06.15;2696
30.06.15;1740
01.07.15;3065
02.07.15;5535
03.07.15;4854
04.07.15;2785
05.07.15;3096
06.07.15;6122
07.07.15;3855
08.07.15;4534
09.07.15;7725
10.07.15;4547
11.07.15;2320
12.07.15;2185
13.07.15;2866
14.07.15;2995
15.07.15;3129
16.07.15;4147
17.07.15;2732
18.07.15;5700
19.07.15;2142
20.07.15;1570
21.07.15;3482
22.07.15;3754
23.07.15;3628
24.07.15;2489
25.07.15;1119
26.07.15;5044
27.07.15;7464
28.07.15;2699
29.07.15;3355
30.07.15;6131
31.07.15;5185
01.08.15;3197
02.08.15;1319
03.08.15;4274
04.08.15;6380
05.08.15;3690
06.08.15;4503
07.08.15;1897
08.08.15;3744
09.08.15;5053
10.08.15;4158
11.08.15;5541
12.08.15;8037
13.08.15;4115
14.08.15;6136
15.08.15;7712
16.08.15;4220
17.08.15;3197
18.08.15;4846
19.08.15;5037
20.08.15;4814
21.08.15;5657
22.08.15;4695
23.08.15;4334
24.08.15;6308
25.08.15;7091
26.08.15;6130
27.08.15;4809
28.08.15;10314
29.08.15;9388
30.08.15;5108
31.08.15;2534
01.09.15;5158
02.09.15;5108
03.09.15;4761
04.09.15;2043
05.09.15;7026
06.09.15;3685
07.09.15;4903
08.09.15;4419
09.09.15;4120
10.09.15;3887
11.09.15;6244
12.09.15;8581
13.09.15;8781
14.09.15;9143
15.09.15;8361
16.09.15;5516
17.09.15;5390
18.09.15;10185
19.09.15;8843
20.09.15;3285
21.09.15;1748
22.09.15;3856
23.09.15;2835
24.09.15;6237
25.09.15;6078
26.09.15;7119
27.09.15;3788
28.09.15;2082
29.09.15;10229
30.09.15;10969
01.10.15;9273
02.10.15;7546
03.10.15;5809
04.10.15;2993
05.10.15;7329
06.10.15;9917
07.10.15;9772
08.10.15;9592
09.10.15;4190
10.10.15;2147
11.10.15;2864
12.10.15;3836
13.10.15;5815
14.10.15;4889
15.10.15;10163
16.10.15;8015
17.10.15;4675
18.10.15;1986
19.10.15;3067
20.10.15;4822
21.10.15;10714
22.10.15;9460
23.10.15;6975
24.10.15;9618
25.10.15;10544
26.10.15;10297
27.10.15;6059
28.10.15;6217
29.10.15;7171
30.10.15;9440
31.10.15;8276
01.11.15;10418
02.11.15;10186
03.11.15;9358
04.11.15;4012
05.11.15;3692
06.11.15;5045
07.11.15;7133
08.11.15;6827
09.11.15;11469
10.11.15;8814
11.11.15;8383
12.11.15;6548
13.11.15;8081
14.11.15;9542
15.11.15;3373
16.11.15;8211
17.11.15;6115
18.11.15;3496
19.11.15;2319
20.11.15;2837
21.11.15;2094
22.11.15;2066
23.11.15;6848
24.11.15;5847
25.11.15;7471
26.11.15;9605
27.11.15;9755
28.11.15;8082
29.11.15;5705
30.11.15;8456
01.12.15;6250
02.12.15;7933
03.12.15;11916
04.12.15;9336
05.12.15;12086
06.12.15;9677
07.12.15;8165
08.12.15;8949
09.12.15;10052
10.12.15;13241
11.12.15;10678
12.12.15;4283
13.12.15;3272
14.12.15;6844
15.12.15;8629
16.12.15;9145
17.12.15;7685
18.12.15;13179
19.12.15;9358
20.12.15;9415
21.12.15;9235
22.12.15;9418
23.12.15;12440
24.12.15;11153
25.12.15;12055
26.12.15;9404
27.12.15;4360
28.12.15;7247
29.12.15;11493
30.12.15;11633
31.12.15;11406
01.01.16;8548
02.01.16;9421
03.01.16;9112
04.01.16;9801
05.01.16;7533
06.01.16;5406
07.01.16;6883
08.01.16;7217
09.01.16;9031
10.01.16;9100
11.01.16;7956
12.01.16;5809
13.01.16;7259
14.01.16;7366
15.01.16;4483
16.01.16;4594
17.01.16;6969
18.01.16;5615
19.01.16;3454
20.01.16;2992
21.01.16;3454
22.01.16;8134
23.01.16;6973
24.01.16;6271
25.01.16;6689
26.01.16;12553
27.01.16;7982
28.01.16;11139
29.01.16;12162
30.01.16;12014
31.01.16;6911
01.02.16;8494
02.02.16;5861
03.02.16;7121
04.02.16;6737
05.02.16;6416
06.02.16;9662
07.02.16;9945
08.02.16;9396
09.02.16;3934
10.02.16;5012
11.02.16;6233
12.02.16;4074
13.02.16;2465
14.02.16;4027
15.02.16;2297
16.02.16;9586
17.02.16;11393
18.02.16;7976
19.02.16;10469
20.02.16;11340
21.02.16;9383
22.02.16;5533
23.02.16;8902
24.02.16;5358
25.02.16;2622
26.02.16;2400
27.02.16;2716
28.02.16;2155
29.02.16;7035
01.03.16;10911
02.03.16;8444
03.03.16;7557
04.03.16;6505
05.03.16;5917
06.03.16;4047
07.03.16;2310
08.03.16;3515
09.03.16;6458
10.03.16;4684
11.03.16;3504
12.03.16;6086
13.03.16;8165
14.03.16;8405
15.03.16;2812
16.03.16;5333
17.03.16;9594
18.03.16;8053
19.03.16;10676
20.03.16;7909
21.03.16;5178
22.03.16;4209
23.03.16;4012
24.03.16;4673
25.03.16;6783
26.03.16;8838
27.03.16;12273
28.03.16;12247
29.03.16;11548
30.03.16;6146
31.03.16;6469
01.04.16;6435
02.04.16;9185
03.04.16;6906
04.04.16;3142
05.04.16;4539
06.04.16;2818
07.04.16;4806
08.04.16;4641
09.04.16;3423
10.04.16;2008
11.04.16;2196
12.04.16;2408
13.04.16;4940
14.04.16;4995
15.04.16;2755
16.04.16;4894
17.04.16;5193
18.04.16;7270
19.04.16;6848
20.04.16;7069
21.04.16;11510
22.04.16;6946
23.04.16;3137
24.04.16;1696
25.04.16;3559
26.04.16;4306
27.04.16;3736
28.04.16;4248
29.04.16;7341
30.04.16;6665
01.05.16;5643
02.05.16;8747
03.05.16;2762
04.05.16;4294
05.05.16;6565
06.05.16;3972
07.05.16;5196
08.05.16;6614
09.05.16;4033
10.05.16;2316
11.05.16;2200
12.05.16;3486
13.05.16;6163
14.05.16;4010
15.05.16;2702
16.05.16;5121
17.05.16;4571
18.05.16;3949
19.05.16;2540
20.05.16;5680
21.05.16;5710
22.05.16;3574
23.05.16;3084
24.05.16;3123
25.05.16;3709
26.05.16;2422
27.05.16;1531
28.05.16;5877
29.05.16;2071
30.05.16;2485
31.05.16;2022
01.06.16;5200
02.06.16;4823
03.06.16;5509
04.06.16;5209
05.06.16;3755
06.06.16;2251
07.06.16;2893
08.06.16;7359
09.06.16;5147
10.06.16;1884
11.06.16;1997
12.06.16;1083
13.06.16;971
14.06.16;5188
15.06.16;6614
16.06.16;3254
17.06.16;3550
18.06.16;5506
19.06.16;5785
20.06.16;3808
21.06.16;4034
22.06.16;4034
23.06.16;2228
24.06.16;2793
25.06.16;2085
26.06.16;3327
27.06.16;4917
28.06.16;1942
29.06.16;4030
30.06.16;7762
01.07.16;5599
02.07.16;4363
03.07.16;5861
04.07.16;1926
05.07.16;3439
06.07.16;5719
07.07.16;3059
08.07.16;1691
09.07.16;1966
10.07.16;4175
11.07.16;1837
12.07.16;1753
13.07.16;2044
14.07.16;4862
15.07.16;4503
16.07.16;5304
17.07.16;5965
18.07.16;2889
19.07.16;2560
20.07.16;2683
21.07.16;4651
22.07.16;943
23.07.16;813
24.07.16;617
25.07.16;2764
26.07.16;2689
27.07.16;6184
28.07.16;5075
29.07.16;2076
30.07.16;2643
31.07.16;4329
01.08.16;3722
02.08.16;6078
03.08.16;4723
04.08.16;1265
05.08.16;2057
06.08.16;3011
07.08.16;4898
08.08.16;7854
09.08.16;10173
10.08.16;8422
11.08.16;2956
12.08.16;5220
13.08.16;2859
14.08.16;1864
15.08.16;1723
16.08.16;472
17.08.16;1795
18.08.16;2764
19.08.16;2837
20.08.16;4072
21.08.16;3523
22.08.16;1556
23.08.16;1649
24.08.16;4258
25.08.16;3599
26.08.16;6732
27.08.16;5583
28.08.16;3797
29.08.16;5836
30.08.16;6245
31.08.16;8879
01.09.16;9904
02.09.16;3963
03.09.16;4195
04.09.16;3559
05.09.16;3826
06.09.16;7544
07.09.16;6522
08.09.16;3583
09.09.16;4509
10.09.16;4696
11.09.16;5232
12.09.16;7193
13.09.16;4591
14.09.16;2530
15.09.16;3569
16.09.16;4956
17.09.16;3183
18.09.16;1704
19.09.16;1112
20.09.16;343
21.09.16;1651
22.09.16;3991
23.09.16;5055
24.09.16;5895
25.09.16;7960
26.09.16;3740
27.09.16;7617
28.09.16;12193
29.09.16;11860
30.09.16;10829
01.10.16;6150
02.10.16;5083
03.10.16;3367
04.10.16;4424
05.10.16;4167
06.10.16;4261
07.10.16;4951
08.10.16;4091
09.10.16;4879
10.10.16;2663
11.10.16;3646
12.10.16;3570
13.10.16;3660
14.10.16;3441
15.10.16;7383
16.10.16;8667
17.10.16;7968
18.10.16;4672
19.10.16;2398
20.10.16;3022
21.10.16;5797
22.10.16;6754
23.10.16;6799
24.10.16;6846
25.10.16;4366
26.10.16;9976
27.10.16;14103
28.10.16;13367
29.10.16;9952
30.10.16;2665
31.10.16;3526
01.11.16;4161
02.11.16;1554
03.11.16;3665
04.11.16;7656
05.11.16;9349
06.11.16;6789
07.11.16;6425
08.11.16;8381
09.11.16;9311
10.11.16;7642
11.11.16;6445
12.11.16;8512
13.11.16;8356
14.11.16;9374
15.11.16;12860
16.11.16;11058
17.11.16;7533
18.11.16;7280
19.11.16;5864
20.11.16;6430
21.11.16;4490
22.11.16;5811
23.11.16;3824
24.11.16;5079
25.11.16;11342
26.11.16;13275
27.11.16;8638
28.11.16;8529
29.11.16;13220
30.11.16;9934
01.12.16;11724
02.12.16;5929
03.12.16;4144
04.12.16;11166
05.12.16;7233
06.12.16;6845
07.12.16;8241
08.12.16;10590
09.12.16;8222
10.12.16;6175
11.12.16;3961
12.12.16;7340
13.12.16;6958
14.12.16;6680
15.12.16;8047
16.12.16;7632
17.12.16;7945
18.12.16;9135
19.12.16;10467
20.12.16;11672
21.12.16;13800
22.12.16;15346
23.12.16;13389
24.12.16;14975
25.12.16;10350
26.12.16;9471
27.12.16;9598
28.12.16;11564
29.12.16;12162
30.12.16;11476
31.12.16;10753
01.01.17;10443
02.01.17;2883
03.01.17;10212
04.01.17;7020
05.01.17;8050
06.01.17;15634
07.01.17;9653
08.01.17;11056
09.01.17;9286
10.01.17;6622
11.01.17;9375
12.01.17;9701
13.01.17;8049
14.01.17;6551
15.01.17;4793
16.01.17;5890
17.01.17;9584
18.01.17;10641
19.01.17;11741
20.01.17;10353
21.01.17;9748
22.01.17;9668
23.01.17;7623
24.01.17;8377
25.01.17;14628
26.01.17;9669
27.01.17;8460
28.01.17;9050
29.01.17;9395
30.01.17;4842
31.01.17;7194
01.02.17;8248
02.02.17;9620
03.02.17;8883
04.02.17;8677
05.02.17;8140
06.02.17;9015
07.02.17;8743
08.02.17;7225
09.02.17;5803
10.02.17;4544
11.02.17;3692
12.02.17;8811
13.02.17;8556
14.02.17;3355
15.02.17;7400
16.02.17;5379
17.02.17;6960
18.02.17;11790
19.02.17;9490
20.02.17;7203
21.02.17;7051
22.02.17;10805
23.02.17;5292
24.02.17;4917
25.02.17;7713
26.02.17;4871
27.02.17;7099
28.02.17;7904
01.03.17;5411
02.03.17;3920
03.03.17;4332
04.03.17;7814
05.03.17;10447
06.03.17;9141
07.03.17;5311
08.03.17;8449
09.03.17;5395
10.03.17;3298
11.03.17;8112
12.03.17;10587
13.03.17;8781
14.03.17;13384
15.03.17;13625
16.03.17;11002
17.03.17;10890
18.03.17;4791
19.03.17;9827
20.03.17;10775
21.03.17;9651
22.03.17;8030
23.03.17;7432
24.03.17;10262
25.03.17;10839
26.03.17;10542
27.03.17;9064
28.03.17;5746
29.03.17;4018
30.03.17;5745
31.03.17;6166
01.04.17;6683
02.04.17;3535
03.04.17;6685
04.04.17;11174
05.04.17;8847
06.04.17;6550
07.04.17;3523
08.04.17;9120
09.04.17;10139
10.04.17;10779
11.04.17;6141
12.04.17;7570
13.04.17;5088
14.04.17;1780
15.04.17;4259
16.04.17;2958
17.04.17;2380
18.04.17;4261
19.04.17;8713
20.04.17;13155
21.04.17;12509
22.04.17;8956
23.04.17;6820
24.04.17;5910
25.04.17;2822
26.04.17;2956
27.04.17;2083
28.04.17;4691
29.04.17;4587
30.04.17;3480
01.05.17;4708
02.05.17;5640
03.05.17;6122
04.05.17;5403
05.05.17;4077
06.05.17;5059
07.05.17;7105
08.05.17;4950
09.05.17;3029
10.05.17;3128
11.05.17;3209
12.05.17;5689
13.05.17;7985
14.05.17;3018
15.05.17;3341
16.05.17;7567
17.05.17;3323
18.05.17;2708
19.05.17;3352
20.05.17;5635
21.05.17;3641
22.05.17;3896
23.05.17;3738
24.05.17;4936
25.05.17;4490
26.05.17;3308
27.05.17;3599
28.05.17;3860
29.05.17;4351
30.05.17;5380
31.05.17;5326
01.06.17;6520
02.06.17;6430
03.06.17;3785
04.06.17;4047
05.06.17;3917
06.06.17;6292
07.06.17;6366
08.06.17;5694
09.06.17;4043
10.06.17;2723
11.06.17;4945
12.06.17;3547
13.06.17;4793
14.06.17;2396
15.06.17;4421
16.06.17;5018
17.06.17;3556
18.06.17;6622
19.06.17;7064
20.06.17;8899
21.06.17;6303
22.06.17;2531
23.06.17;1939
24.06.17;3783
25.06.17;6801
26.06.17;10497
27.06.17;3301
28.06.17;3261
29.06.17;5930
30.06.17;2858
01.07.17;2371
02.07.17;5382
03.07.17;2583
04.07.17;3690
05.07.17;3150
06.07.17;1978
07.07.17;2849
08.07.17;2667
09.07.17;3106
10.07.17;2635
11.07.17;1553
12.07.17;5378
13.07.17;4488
14.07.17;2446
15.07.17;3550
16.07.17;7673
17.07.17;7369
18.07.17;4819
19.07.17;4026
20.07.17;8903
21.07.17;3884
22.07.17;3142
23.07.17;4056
24.07.17;2371
25.07.17;775
26.07.17;1978
27.07.17;4351
28.07.17;1908
29.07.17;3997
30.07.17;7500
31.07.17;7805
01.08.17;6879
02.08.17;1937
03.08.17;5876
04.08.17;3514
05.08.17;5955
06.08.17;5698
07.08.17;3746
08.08.17;2627
09.08.17;2936
10.08.17;6370
11.08.17;6972
12.08.17;6886
13.08.17;10000
14.08.17;7908
15.08.17;10366
16.08.17;5416
17.08.17;10042
18.08.17;4123
19.08.17;6796
20.08.17;8041
21.08.17;4988
22.08.17;1461
23.08.17;570
24.08.17;2818
25.08.17;5858
26.08.17;4489
27.08.17;1525
28.08.17;7475
29.08.17;9836
30.08.17;9359
31.08.17;5604
01.09.17;3775
02.09.17;1892
03.09.17;3957
04.09.17;7758
05.09.17;14227
06.09.17;8038
07.09.17;5941
08.09.17;10855
09.09.17;7280
10.09.17;8838
11.09.17;12616
12.09.17;8708
13.09.17;7520
14.09.17;7990
15.09.17;6472
16.09.17;3297
17.09.17;1574
18.09.17;1503
19.09.17;5130
20.09.17;8491
21.09.17;14711
22.09.17;12486
23.09.17;5861
24.09.17;7711
25.09.17;10560
26.09.17;10352
27.09.17;11929
28.09.17;15689
29.09.17;17963
30.09.17;15197
01.10.17;13166
02.10.17;16589
03.10.17;17731
04.10.17;15173
05.10.17;6335
06.10.17;9875
07.10.17;6226
08.10.17;2104
09.10.17;2936
10.10.17;11024
11.10.17;11424
12.10.17;7525
13.10.17;11590
14.10.17;15922
15.10.17;12989
16.10.17;11917
17.10.17;11101
18.10.17;7832
19.10.17;12307
20.10.17;17670
21.10.17;15191
22.10.17;13409
23.10.17;13893
24.10.17;13298
25.10.17;10751
26.10.17;12744
27.10.17;17630
28.10.17;14887
29.10.17;19940
30.10.17;9960
31.10.17;9924
01.11.17;13008
02.11.17;14115
03.11.17;14768
04.11.17;10024
05.11.17;5656
06.11.17;10170
07.11.17;15278
08.11.17;11832
09.11.17;20171
10.11.17;17073
11.11.17;14520
12.11.17;13050
13.11.17;6913
14.11.17;8888
15.11.17;12126
16.11.17;12875
17.11.17;19698
18.11.17;13363
19.11.17;6722
20.11.17;2282
21.11.17;6763
22.11.17;16022
23.11.17;14430
24.11.17;19510
25.11.17;13025
26.11.17;10985
27.11.17;6874
28.11.17;8325
29.11.17;4887
30.11.17;2775
01.12.17;8546
02.12.17;14710
03.12.17;15864
04.12.17;9291
05.12.17;12952
06.12.17;11871
07.12.17;18015
08.12.17;17147
09.12.17;17247
10.12.17;11707
11.12.17;10908
12.12.17;6878
13.12.17;8275
14.12.17;6231
15.12.17;5156
16.12.17;5218
17.12.17;8370
18.12.17;9876
19.12.17;11687
20.12.17;12292
21.12.17;20366
22.12.17;18859
23.12.17;18514
24.12.17;4622
25.12.17;4718
26.12.17;17268
27.12.17;12385
28.12.17;6413
29.12.17;5393
30.12.17;14268
31.12.17;15016
01.01.18;11514
02.01.18;5945
03.01.18;9980
04.01.18;9736
05.01.18;4571
06.01.18;6241
07.01.18;14604
08.01.18;11730
09.01.18;15611
10.01.18;13352
11.01.18;8409
12.01.18;9588
13.01.18;15003
14.01.18;18389
15.01.18;16017
16.01.18;9699
17.01.18;8685
18.01.18;11778
19.01.18;10444
20.01.18;9134
21.01.18;10476
22.01.18;14095
23.01.18;14525
24.01.18;18233
25.01.18;10871
26.01.18;7158
27.01.18;10747
28.01.18;16767
29.01.18;12837
30.01.18;15474
31.01.18;14363
01.02.18;10309
02.02.18;5460
03.02.18;6771
04.02.18;6621
05.02.18;8826
06.02.18;4008
07.02.18;8371
08.02.18;15418
09.02.18;18885
10.02.18;15744
11.02.18;18174
12.02.18;13109
13.02.18;13440
14.02.18;19610
15.02.18;17190
16.02.18;5408
17.02.18;7287
18.02.18;5203
19.02.18;6842
20.02.18;9319
21.02.18;5514
22.02.18;3102
23.02.18;3375
24.02.18;7053
25.02.18;5973
26.02.18;4800
27.02.18;15357
28.02.18;14604
01.03.18;9762
02.03.18;10126
03.03.18;8719
04.03.18;9468
05.03.18;12098
06.03.18;8146
07.03.18;10923
08.03.18;11087
09.03.18;5255
10.03.18;7518
11.03.18;7945
12.03.18;6321
13.03.18;3563
14.03.18;5095
15.03.18;15175
16.03.18;14793
17.03.18;14707
18.03.18;12238
19.03.18;15412
20.03.18;7840
21.03.18;10374
22.03.18;4309
23.03.18;14513
24.03.18;11070
25.03.18;8508
26.03.18;7241
27.03.18;14563
28.03.18;14989
29.03.18;12431
30.03.18;5442
31.03.18;3855
01.04.18;3653
02.04.18;2481
03.04.18;13985
04.04.18;8503
05.04.18;9714
06.04.18;7452
07.04.18;10378
08.04.18;8770
09.04.18;6934
10.04.18;10747
11.04.18;10894
12.04.18;12427
13.04.18;15254
14.04.18;6650
15.04.18;2811
16.04.18;3104
17.04.18;6603
18.04.18;4796
19.04.18;8755
20.04.18;8150
21.04.18;10567
22.04.18;7706
23.04.18;8646
24.04.18;13056
25.04.18;5542
26.04.18;3228
27.04.18;2828
28.04.18;3669
29.04.18;2253
30.04.18;6547
01.05.18;8069
02.05.18;12772
03.05.18;10730
04.05.18;9167
05.05.18;7863
06.05.18;8853
07.05.18;6309
08.05.18;11731
09.05.18;14617
10.05.18;8108
11.05.18;6005
12.05.18;2224
13.05.18;4087
14.05.18;4006
15.05.18;1727
16.05.18;11974
17.05.18;8485
18.05.18;2866
19.05.18;5735
20.05.18;9878
21.05.18;9915
22.05.18;4090
23.05.18;5817
24.05.18;4609
25.05.18;4056
26.05.18;6136
27.05.18;7279
28.05.18;8094
29.05.18;5726
30.05.18;6799
31.05.18;4471
01.06.18;5297
02.06.18;5890
03.06.18;6702
04.06.18;8366
05.06.18;6486
06.06.18;4963
07.06.18;5915
08.06.18;3039
09.06.18;1755
10.06.18;2064
11.06.18;9393
12.06.18;6203
13.06.18;5946
14.06.18;14029
15.06.18;15468
16.06.18;8248
17.06.18;4069
18.06.18;8215
19.06.18;15499
20.06.18;8878
21.06.18;9720
22.06.18;14562
23.06.18;12659
24.06.18;12923
25.06.18;12976
26.06.18;10608
27.06.18;3841
28.06.18;7127
29.06.18;5199
30.06.18;6727
01.07.18;5315
02.07.18;4877
03.07.18;3855
04.07.18;2142
05.07.18;8855
06.07.18;11620
07.07.18;6025
08.07.18;5365
09.07.18;9322
10.07.18;2053
11.07.18;1691
12.07.18;2930
13.07.18;4197
14.07.18;5515
15.07.18;990
16.07.18;2742
17.07.18;1326
18.07.18;3635
19.07.18;7244
20.07.18;2514
21.07.18;2339
22.07.18;2715
23.07.18;3452
24.07.18;3643
25.07.18;1477
26.07.18;2476
27.07.18;7193
28.07.18;13858
29.07.18;11244
30.07.18;12387
31.07.18;7358
01.08.18;3091
02.08.18;4978
03.08.18;2453
04.08.18;4679
05.08.18;12237
06.08.18;4973
07.08.18;7079
08.08.18;8343
09.08.18;4117
10.08.18;9691
11.08.18;8805
12.08.18;5026
13.08.18;2836
14.08.18;3067
15.08.18;6294
16.08.18;9955
17.08.18;9621
18.08.18;13574
19.08.18;8388
20.08.18;8583
21.08.18;4854
22.08.18;14189
23.08.18;3752
24.08.18;3794
25.08.18;3421
26.08.18;4552
27.08.18;10059
28.08.18;3715
29.08.18;10298
30.08.18;10712
31.08.18;4131
01.09.18;4155
02.09.18;7257
03.09.18;7155
04.09.18;2145
05.09.18;697
06.09.18;5455
07.09.18;9677
08.09.18;9137
09.09.18;10946
10.09.18;12458
11.09.18;14204
12.09.18;15206
13.09.18;12299
14.09.18;11123
15.09.18;10319
16.09.18;12282
17.09.18;11264
18.09.18;16069
19.09.18;15824
20.09.18;19586
21.09.18;17050
22.09.18;21233
23.09.18;17857
24.09.18;16089
25.09.18;16907
26.09.18;19934
27.09.18;14738
28.09.18;12457
29.09.18;23022
30.09.18;12889
01.10.18;10305
02.10.18;14133
03.10.18;10072
04.10.18;13867
05.10.18;17617
06.10.18;7332
07.10.18;13329
08.10.18;24039
09.10.18;22871
10.10.18;13325
11.10.18;19595
12.10.18;22616
13.10.18;23659
14.10.18;16258
15.10.18;7807
16.10.18;13945
17.10.18;14569
18.10.18;17871
19.10.18;8754
20.10.18;10999
21.10.18;25265
22.10.18;26882
23.10.18;22526
24.10.18;17425
25.10.18;14177
26.10.18;5244
27.10.18;7164
28.10.18;9762
29.10.18;23855
30.10.18;21385
31.10.18;19361
01.11.18;20207
02.11.18;14678
03.11.18;16087
04.11.18;22146
05.11.18;14651
06.11.18;15315
07.11.18;16109
08.11.18;12716
09.11.18;12779
10.11.18;25686
11.11.18;22527
12.11.18;16009
13.11.18;8162
14.11.18;11561
15.11.18;17036
16.11.18;20015
17.11.18;8845
18.11.18;8287
19.11.18;8241
20.11.18;14030
21.11.18;17438
22.11.18;6899
23.11.18;8885
24.11.18;9429
25.11.18;7892
26.11.18;7060
27.11.18;10832
28.11.18;22106
29.11.18;24795
30.11.18;27341
01.12.18;21020
02.12.18;19507
03.12.18;13019
04.12.18;25578
05.12.18;15127
06.12.18;13579
07.12.18;13295
08.12.18;13004
09.12.18;15401
10.12.18;23020
11.12.18;7594
12.12.18;12133
13.12.18;13614
14.12.18;13880
15.12.18;21342
16.12.18;23495
17.12.18;10299
18.12.18;17208
19.12.18;26419
20.12.18;24743
21.12.18;25720
22.12.18;15948
23.12.18;5568
24.12.18;21272
25.12.18;26011
26.12.18;16171
27.12.18;16101
28.12.18;14370
29.12.18;18254
30.12.18;12322
31.12.18;24386
01.01.19;26378
02.01.19;18628
03.01.19;21981
04.01.19;22310
05.01.19;12324
06.01.19;17581
07.01.19;17149
08.01.19;20415
09.01.19;12690
10.01.19;23752
11.01.19;28565
12.01.19;11619
13.01.19;23763
14.01.19;24580
15.01.19;9535
16.01.19;11929
17.01.19;13613
18.01.19;12228
19.01.19;10806
20.01.19;8581
21.01.19;11676
22.01.19;18511
23.01.19;15705
24.01.19;16159
25.01.19;21042
26.01.19;22861
27.01.19;21445
28.01.19;12441
29.01.19;18505
30.01.19;24169
31.01.19;24380
01.02.19;24706
02.02.19;17223
03.02.19;11669
04.02.19;12895
05.02.19;7029
06.02.19;13428
07.02.19;15209
08.02.19;14620
09.02.19;18719
10.02.19;13577
11.02.19;19469
12.02.19;19026
13.02.19;23196
14.02.19;22458
15.02.19;19872
16.02.19;21048
17.02.19;17097
18.02.19;17042
19.02.19;21317
20.02.19;10791
21.02.19;15084
22.02.19;21635
23.02.19;20041
24.02.19;22184
25.02.19;16867
26.02.19;15124
27.02.19;20881
28.02.19;15865
01.03.19;10472
02.03.19;15034
03.03.19;19064
04.03.19;16008
05.03.19;11409
06.03.19;17060
07.03.19;14391
08.03.19;15064
09.03.19;13725
10.03.19;6454
11.03.19;5614
12.03.19;20094
13.03.19;16154
14.03.19;8467
15.03.19;6448
16.03.19;10329
17.03.19;27978
18.03.19;21446
19.03.19;11534
20.03.19;24118
21.03.19;21486
22.03.19;25950
23.03.19;28636
24.03.19;19163
25.03.19;19072
26.03.19;16671
27.03.19;19028
28.03.19;23053
29.03.19;22897
30.03.19;19577
31.03.19;21195
01.04.19;18852
02.04.19;19096
03.04.19;13024
04.04.19;15821
05.04.19;22016
06.04.19;11314
07.04.19;14299
08.04.19;8649
09.04.19;7181
10.04.19;7765
11.04.19;4780
12.04.19;2791
13.04.19;6806
14.04.19;6871
15.04.19;7703
16.04.19;12109
17.04.19;13845
18.04.19;7935
19.04.19;9540
20.04.19;12107
21.04.19;14760
22.04.19;13495
23.04.19;18406
24.04.19;21556
25.04.19;22500
26.04.19;13983
27.04.19;11062
28.04.19;6211
29.04.19;4320
30.04.19;5921
01.05.19;13253
02.05.19;23166
03.05.19;13285
04.05.19;19672
05.05.19;10580
06.05.19;10386
07.05.19;8544
08.05.19;8590
09.05.19;16801
10.05.19;15586
11.05.19;15229
12.05.19;16902
13.05.19;13601
14.05.19;11020
15.05.19;5338
16.05.19;6206
17.05.19;9830
18.05.19;12373
19.05.19;5314
20.05.19;5533
21.05.19;4019
22.05.19;9862
23.05.19;15281
24.05.19;6361
25.05.19;7557
26.05.19;7351
27.05.19;9311
28.05.19;9634
29.05.19;16764
30.05.19;15881
31.05.19;15076
01.06.19;11606
02.06.19;12305
03.06.19;15084
04.06.19;7207
05.06.19;11381
06.06.19;12708
07.06.19;6886
08.06.19;11224
09.06.19;14487
10.06.19;12015
11.06.19;10412
12.06.19;14600
13.06.19;18362
14.06.19;11156
15.06.19;7905
16.06.19;7285
17.06.19;13330
18.06.19;7988
19.06.19;2658
20.06.19;7476
21.06.19;11967
22.06.19;18584
23.06.19;10841
24.06.19;7297
25.06.19;11368
26.06.19;11651
27.06.19;16339
28.06.19;18914
29.06.19;13884
30.06.19;15779
01.07.19;15696
02.07.19;21434
03.07.19;18122
04.07.19;13157
05.07.19;9279
06.07.19;10194
07.07.19;9686
08.07.19;8362
09.07.19;4503
10.07.19;1950
11.07.19;1835
12.07.19;2059
13.07.19;5060
14.07.19;7564
15.07.19;9671
16.07.19;5239
17.07.19;4230
18.07.19;11008
19.07.19;4905
20.07.19;10163
21.07.19;9186
22.07.19;9334
23.07.19;3525
24.07.19;7251
25.07.19;6843
26.07.19;8505
27.07.19;11242
28.07.19;12832
29.07.19;11440
30.07.19;18856
31.07.19;16853
01.08.19;5507
02.08.19;3221
03.08.19;1738
04.08.19;4529
05.08.19;4206
06.08.19;5126
07.08.19;4735
08.08.19;4114
09.08.19;5925
10.08.19;21427
11.08.19;11319
12.08.19;9223
13.08.19;14608
14.08.19;8929
15.08.19;9026
16.08.19;11530
17.08.19;20127
18.08.19;13535
19.08.19;14228
20.08.19;13589
21.08.19;12221
22.08.19;14460
23.08.19;7629
24.08.19;7645
25.08.19;11811
26.08.19;9039
27.08.19;8168
28.08.19;14749
29.08.19;12320
30.08.19;21805
31.08.19;19875
01.09.19;16016
02.09.19;12534
03.09.19;16921
04.09.19;13873
05.09.19;14899
06.09.19;7561
07.09.19;6382
08.09.19;3787
09.09.19;10442
10.09.19;7238
11.09.19;23625
12.09.19;27571
13.09.19;29134
14.09.19;28044
15.09.19;33666
16.09.19;25848
17.09.19;18864
18.09.19;21709
19.09.19;10256
20.09.19;25174
21.09.19;15260
22.09.19;11355
23.09.19;18673
24.09.19;13449
25.09.19;19520
26.09.19;21865
27.09.19;21237
28.09.19;17962
29.09.19;7281
30.09.19;16614
01.10.19;17649
02.10.19;11036
03.10.19;12537
04.10.19;18320
05.10.19;7887
06.10.19;9833
07.10.19;10962
08.10.19;21253
09.10.19;17345
10.10.19;9494
11.10.19;10875
12.10.19;11396
13.10.19;5222
14.10.19;4432
15.10.19;15652
16.10.19;20843
17.10.19;22243
18.10.19;12245
19.10.19;13587
20.10.19;14556
21.10.19;10651
22.10.19;30650
23.10.19;18584
24.10.19;20877
25.10.19;28460
26.10.19;10024
27.10.19;8699
28.10.19;15292
29.10.19;11876
30.10.19;21471
31.10.19;9608
01.11.19;13414
02.11.19;17756
03.11.19;20587
04.11.19;20783
05.11.19;5181
06.11.19;8765
07.11.19;9081
08.11.19;5263
09.11.19;8543
10.11.19;10323
11.11.19;19910
12.11.19;25158
13.11.19;18886
14.11.19;6830
15.11.19;15170
16.11.19;17314
17.11.19;12664
18.11.19;17636
19.11.19;19768
20.11.19;17835
21.11.19;28274
22.11.19;30885
23.11.19;21822
24.11.19;18388
25.11.19;12721
26.11.19;14402
27.11.19;25938
28.11.19;14992
29.11.19;29771
30.11.19;30855
01.12.19;28072
02.12.19;23072
03.12.19;34137
04.12.19;34720
05.12.19;41803
06.12.19;27535
07.12.19;22814
08.12.19;30981
09.12.19;26841
10.12.19;26552
11.12.19;39150
12.12.19;34355
13.12.19;32967
14.12.19;35646
15.12.19;22823
16.12.19;12373
17.12.19;11580
18.12.19;7041
19.12.19;24054
20.12.19;31206
21.12.19;27384
22.12.19;13152
23.12.19;9194
24.12.19;3963
25.12.19;5566
26.12.19;5375
27.12.19;20744
28.12.19;35262
29.12.19;38567
30.12.19;43091
31.12.19;40494