,date,petroleum_export,non_petroleum_export,perc_petroleum_export,smooth_petroleum_export,perc_non_petroleum_export,smooth_non_petroleum_export
0,1980-01-01,3586.0,3872.0,,,,
1,1980-02-01,3482.0,4005.0,,,,
2,1980-03-01,3563.0,4272.0,,,,
3,1980-04-01,3513.0,3602.0,,,,
4,1980-05-01,3483.0,3802.0,,,,
5,1980-06-01,3356.0,4281.0,,,,
6,1980-07-01,2071.0,3554.0,,,,
7,1980-08-01,3475.0,3050.0,,,,
8,1980-09-01,3174.0,3863.0,,,,
9,1980-10-01,3870.0,4161.0,,,,
10,1980-11-01,3719.0,3754.0,,,,
11,1980-12-01,4105.0,4228.0,,3449.75,,3870.3333333333335
12,1981-01-01,4187.0,3660.0,0.167596207473508,3499.8333333333335,-0.05475206611570249,3852.6666666666665
13,1981-02-01,3575.0,3822.0,0.026708788052843158,3507.5833333333335,-0.04569288389513104,3837.4166666666665
14,1981-03-01,4138.0,4387.0,0.16138085882683129,3555.5,0.026919475655430736,3847.0
15,1981-04-01,4063.0,4244.0,0.15656134358098495,3601.3333333333335,0.17823431426985015,3900.5
16,1981-05-01,4128.0,4120.0,0.18518518518518512,3655.0833333333335,0.08364018937401374,3927.0
17,1981-06-01,4414.0,4647.0,0.3152562574493445,3743.25,0.08549404344779266,3957.5
18,1981-07-01,4294.0,3942.0,1.073394495412844,3928.5,0.10917276308384927,3989.8333333333335
19,1981-08-01,2135.0,3796.0,-0.3856115107913669,3816.8333333333335,0.24459016393442612,4052.0
20,1981-09-01,4398.0,4394.0,0.38563327032136097,3918.8333333333335,0.1374579342479938,4096.25
21,1981-10-01,4116.0,4849.0,0.06356589147286829,3939.3333333333335,0.16534486902186973,4153.583333333333
22,1981-11-01,3986.0,4789.0,0.0717934928744286,3961.5833333333335,0.2757059136920619,4239.833333333333
23,1981-12-01,4653.0,4755.0,0.13349573690621197,4007.25,0.12464522232734154,4283.75
24,1982-01-01,4897.0,3720.0,0.16957248626701693,4066.4166666666665,0.016393442622950838,4288.75
25,1982-02-01,4173.0,4258.0,0.16727272727272724,4116.25,0.11407639979068551,4325.083333333333
26,1982-03-01,4544.0,5021.0,0.09811503141614297,4150.083333333333,0.14451789377706858,4377.916666666667
27,1982-04-01,4912.0,4093.0,0.208958897366478,4220.833333333333,-0.03557964184731388,4365.333333333333
28,1982-05-01,3897.0,4050.0,-0.05595930232558144,4201.583333333333,-0.016990291262135915,4359.5
29,1982-06-01,3537.0,4882.0,-0.19868599909379248,4128.5,0.05057026038304291,4379.083333333333
30,1982-07-01,4449.0,3838.0,0.03609687936655792,4141.416666666667,-0.026382546930492135,4370.416666666667
31,1982-08-01,4226.0,3584.0,0.9793911007025762,4315.666666666667,-0.05584826132771337,4352.75
32,1982-09-01,4178.0,4460.0,-0.05002273760800369,4297.333333333333,0.01502048247610377,4358.25
33,1982-10-01,4365.0,4281.0,0.06049562682215748,4318.083333333333,-0.11713755413487315,4310.916666666667
34,1982-11-01,4624.0,5062.0,0.16006021073758148,4371.25,0.05700563792023394,4333.666666666667
35,1982-12-01,5670.0,5026.0,0.21856866537717612,4456.0,0.05699263932702414,4356.25
36,1983-01-01,4930.0,4175.0,0.006738819685521813,4458.75,0.12231182795698925,4394.166666666667
37,1983-02-01,5069.0,4388.0,0.21471363527438303,4533.416666666667,0.03053076561766077,4405.0
38,1983-03-01,5497.0,5455.0,0.20972711267605626,4612.833333333333,0.08643696474805806,4441.166666666667
39,1983-04-01,5982.0,4750.0,0.2178338762214984,4702.0,0.1605179574883948,4495.916666666667
40,1983-05-01,5156.0,4767.0,0.32306902745701827,4806.916666666667,0.1770370370370371,4555.666666666667
41,1983-06-01,4600.0,5110.0,0.3005371783997739,4895.5,0.0467021712412945,4574.666666666667
42,1983-07-01,5370.0,4257.0,0.20701281186783538,4972.25,0.10917144346013541,4609.583333333333
43,1983-08-01,4830.0,4338.0,0.14292475153809758,5022.583333333333,0.2103794642857142,4672.416666666667
44,1983-09-01,4763.0,5358.0,0.140019147917664,5071.333333333333,0.2013452914798206,4747.25
45,1983-10-01,5507.0,5561.0,0.26162657502863684,5166.5,0.2989955617846298,4853.916666666667
46,1983-11-01,6076.0,5700.0,0.3140138408304498,5287.5,0.12603713947056505,4907.083333333333
47,1983-12-01,6064.0,5735.0,0.0694885361552029,5320.333333333333,0.141066454436928,4966.166666666667
48,1984-01-01,6600.0,5382.0,0.3387423935091278,5459.5,0.2891017964071856,5066.75
49,1984-02-01,6422.0,5459.0,0.26691655158808447,5572.25,0.24407474931631712,5156.0
50,1984-03-01,6526.0,6070.0,0.18719301437147529,5658.0,0.1127406049495876,5207.25
51,1984-04-01,6130.0,5023.0,0.02474088933467078,5670.333333333333,0.05747368421052634,5230.0
52,1984-05-01,5961.0,5796.0,0.15612878200155156,5737.416666666667,0.2158590308370043,5315.75
53,1984-06-01,5941.0,6046.0,0.2915217391304348,5849.166666666667,0.18317025440313106,5393.75
54,1984-07-01,5918.0,5509.0,0.10204841713221602,5894.833333333333,0.29410382898754994,5498.083333333333
55,1984-08-01,5718.0,5240.0,0.18385093167701871,5968.833333333333,0.2079299216228676,5573.25
56,1984-09-01,6426.0,5570.0,0.34914969557001885,6107.416666666667,0.03956700261291535,5590.916666666667
57,1984-10-01,6978.0,6563.0,0.26711458144180145,6230.0,0.1801834202481567,5674.416666666667
58,1984-11-01,7716.0,6967.0,0.2699144173798551,6366.666666666667,0.22228070175438597,5780.0
59,1984-12-01,7993.0,5770.0,0.31810686015831124,6527.416666666667,0.006102877070619073,5782.916666666667
60,1985-01-01,7953.0,6060.0,0.20500000000000007,6640.166666666667,0.12597547380156082,5839.416666666667
61,1985-02-01,6623.0,5813.0,0.031298660853316784,6656.916666666667,0.06484704158270738,5868.916666666667
62,1985-03-01,8107.0,6613.0,0.24226172234140364,6788.666666666667,0.08945634266886326,5914.166666666667
63,1985-04-01,7537.0,6033.0,0.22952691680261017,6905.916666666667,0.20107505474815857,5998.333333333333
64,1985-05-01,7227.0,6573.0,0.21238047307498742,7011.416666666667,0.13405797101449268,6063.083333333333
65,1985-06-01,5865.0,6369.0,-0.012792459181955929,7005.083333333333,0.05342375124048959,6090.0
66,1985-07-01,6660.0,6174.0,0.12538019601216632,7066.916666666667,0.1207115628970774,6145.416666666667
67,1985-08-01,6665.0,5635.0,0.1656173487233299,7145.833333333333,0.07538167938931295,6178.333333333333
68,1985-09-01,6908.0,5590.0,0.07500778089013393,7186.0,0.0035906642728904536,6180.0
69,1985-10-01,6954.0,7225.0,-0.0034393809114359186,7184.0,0.1008685052567424,6235.166666666667
70,1985-11-01,7082.0,6109.0,-0.08216692586832552,7131.166666666667,-0.12315200229654089,6163.666666666667
71,1985-12-01,7800.0,5824.0,-0.024146127861879196,7115.083333333333,0.009358752166377826,6168.166666666667
72,1986-01-01,6936.0,5982.0,-0.1278762731044889,7030.333333333333,-0.012871287128712883,6161.666666666667
73,1986-02-01,5364.0,5491.0,-0.19009512305601695,6925.416666666667,-0.05539308446585245,6134.833333333333
74,1986-03-01,5319.0,5242.0,-0.34390033304551626,6693.083333333333,-0.20731891728413732,6020.583333333333
75,1986-04-01,1949.0,6023.0,-0.741409048693114,6227.416666666667,-0.0016575501408917503,6019.75
76,1986-05-01,4128.0,5654.0,-0.42880863428808635,5969.166666666667,-0.13981439221055836,5943.166666666667
77,1986-06-01,3977.0,5945.0,-0.3219096334185848,5811.833333333333,-0.06657246035484377,5907.833333333333
78,1986-07-01,3822.0,5648.0,-0.4261261261261261,5575.333333333333,-0.08519598315516685,5864.0
79,1986-08-01,3793.0,4755.0,-0.43090772693173296,5336.0,-0.15616681455190773,5790.666666666667
80,1986-09-01,3726.0,5971.0,-0.4606253618992473,5070.833333333333,0.06815742397137736,5822.416666666667
81,1986-10-01,4519.0,6557.0,-0.35015818234109863,4867.916666666667,-0.09245674740484433,5766.75
82,1986-11-01,4716.0,5985.0,-0.3340864162665914,4670.75,-0.02029792110001638,5756.416666666667
83,1986-12-01,4829.0,6118.0,-0.38089743589743585,4423.166666666667,0.05048076923076916,5780.916666666667
84,1987-01-01,5287.0,5990.0,-0.23774509803921573,4285.75,0.0013373453694416337,5781.583333333333
85,1987-02-01,4613.0,6092.0,-0.14000745712155105,4223.166666666667,0.10945183026771077,5831.666666666667
86,1987-03-01,4594.0,6851.0,-0.13630381650686219,4162.75,0.30694391453643655,5965.75
87,1987-04-01,4638.0,5697.0,1.379681888147768,4386.833333333333,-0.05412585090486466,5938.583333333333
88,1987-05-01,4812.0,6715.0,0.16569767441860472,4443.833333333333,0.18765475769366824,6027.0
89,1987-06-01,3771.0,6836.0,-0.051797837566004534,4426.666666666667,0.14987384356602185,6101.25
90,1987-07-01,4655.0,6156.0,0.21794871794871784,4496.083333333333,0.08994334277620397,6143.583333333333
91,1987-08-01,2898.0,5572.0,-0.2359609807540206,4421.5,0.17181913774973712,6211.666666666667
92,1987-09-01,4286.0,6874.0,0.15029522275899088,4468.166666666667,0.15123094958968353,6286.916666666667
93,1987-10-01,4998.0,7555.0,0.10599690196946221,4508.083333333333,0.15220375171572376,6370.083333333333
94,1987-11-01,4502.0,7080.0,-0.045377438507209544,4490.25,0.1829573934837092,6461.333333333333
95,1987-12-01,4565.0,9414.0,-0.0546697038724373,4468.25,0.5387381497221315,6736.0
96,1988-01-01,4748.0,5092.0,-0.10194817476829965,4423.333333333333,-0.1499165275459099,6661.166666666667
97,1988-02-01,4150.0,7403.0,-0.10036852373726424,4384.75,0.2152002626395273,6770.416666666667
98,1988-03-01,4185.0,7911.0,-0.08902916848062692,4350.666666666667,0.15472193840315285,6858.75
99,1988-04-01,4222.0,7533.0,-0.08969383354894356,4316.0,0.3222748815165877,7011.75
100,1988-05-01,3985.0,7293.0,-0.17186201163757275,4247.083333333333,0.08607594936708862,7059.916666666667
101,1988-06-01,3578.0,8232.0,-0.051180058339962864,4231.0,0.20421299005266236,7176.25
102,1988-07-01,3750.0,6787.0,-0.19441460794844256,4155.583333333333,0.10250162443144895,7228.833333333333
103,1988-08-01,3782.0,7378.0,0.3050379572118702,4229.25,0.3241206030150754,7379.333333333333
104,1988-09-01,3876.0,8795.0,-0.09566028931404569,4195.083333333333,0.27945883037532737,7539.416666666667
105,1988-10-01,3914.0,8216.0,-0.2168867547018808,4104.75,0.08749172733289212,7594.5
106,1988-11-01,3978.0,8904.0,-0.1163927143491782,4061.0833333333335,0.25762711864406773,7746.5
107,1988-12-01,4346.0,8405.0,-0.047973713033954035,4042.8333333333335,-0.1071807945612917,7662.416666666667
108,1989-01-01,5821.0,8574.0,0.22598989048020224,4132.25,0.6838177533385703,7952.583333333333
109,1989-02-01,5113.0,8106.0,0.23204819277108424,4212.5,0.09496150209374576,8011.166666666667
110,1989-03-01,6070.0,8449.0,0.45041816009557945,4369.583333333333,0.06800657312602709,8056.0
111,1989-04-01,6946.0,9388.0,0.6451918522027476,4596.583333333333,0.24624983406345424,8210.583333333334
112,1989-05-01,6392.0,9018.0,0.6040150564617315,4797.166666666667,0.2365281777046484,8354.333333333334
113,1989-06-01,5479.0,9805.0,0.5313024035774176,4955.583333333333,0.19108357628765793,8485.416666666666
114,1989-07-01,5842.0,8196.0,0.5578666666666667,5129.916666666667,0.2076027700014733,8602.833333333334
115,1989-08-01,6368.0,8601.0,0.6837652035959809,5345.416666666667,0.16576307942531843,8704.75
116,1989-09-01,6164.0,8887.0,0.5902992776057792,5536.083333333333,0.010460488914155741,8712.416666666666
117,1989-10-01,6692.0,9729.0,0.7097598364844149,5767.583333333333,0.1841528724440118,8838.5
118,1989-11-01,6375.0,9838.0,0.6025641025641026,5967.333333333333,0.10489667565139271,8916.333333333334
119,1989-12-01,6278.0,8593.0,0.44454670961803955,6128.333333333333,0.022367638310529347,8932.0
120,1990-01-01,7015.0,9507.0,0.2051193952929049,6227.833333333333,0.10881735479356203,9009.75
121,1990-02-01,5604.0,8780.0,0.09602972814394684,6268.75,0.08314828522082407,9065.916666666666
122,1990-03-01,6813.0,9315.0,0.12240527182866567,6330.666666666667,0.10249733696295427,9138.083333333334
123,1990-04-01,5657.0,8872.0,-0.18557443132738272,6223.25,-0.054963783553472534,9095.083333333334
124,1990-05-01,5630.0,9389.0,-0.11921151439299127,6159.75,0.04113994233754714,9126.0
125,1990-06-01,4972.0,9527.0,-0.09253513414856729,6117.5,-0.02835288118306989,9102.833333333334
126,1990-07-01,5256.0,8401.0,-0.1003081136597056,6068.666666666667,0.025012201073694396,9119.916666666666
127,1990-08-01,6686.0,8824.0,0.04993718592964824,6095.166666666667,0.02592721776537621,9138.5
128,1990-09-01,9102.0,9621.0,0.4766385463984426,6340.0,0.08259255091706996,9199.666666666666
129,1990-10-01,11181.0,10986.0,0.6708009563658099,6714.083333333333,0.12920135676842426,9304.416666666666
130,1990-11-01,11046.0,10776.0,0.7327058823529411,7103.333333333333,0.09534458223216102,9382.583333333334
131,1990-12-01,9578.0,8555.0,0.5256451099076138,7378.333333333333,-0.004422204119632234,9379.416666666666
132,1991-01-01,9761.0,9776.0,0.39144689950106915,7607.166666666667,0.028294940570106286,9401.833333333334
133,1991-02-01,6925.0,8882.0,0.23572448251249112,7717.25,0.01161731207289285,9410.333333333334
134,1991-03-01,7379.0,9490.0,0.08307647145163655,7764.416666666667,0.018786902844873943,9424.916666666666
135,1991-04-01,8287.0,9854.0,0.46491073006894124,7983.583333333333,0.11068530207394045,9506.75
136,1991-05-01,8124.0,9478.0,0.44298401420959155,8191.416666666667,0.00947917776120999,9514.166666666666
137,1991-06-01,7907.0,9315.0,0.590305711987128,8436.0,-0.022252545397291934,9496.5
138,1991-07-01,7862.0,8605.0,0.49581430745814314,8653.166666666666,0.024282823473396054,9513.5
139,1991-08-01,5727.0,7961.0,-0.14343404128028714,8573.25,-0.0978014505893019,9441.583333333334
140,1991-09-01,9032.0,9369.0,-0.0076906174467149535,8567.416666666666,-0.026192703461178635,9420.583333333334
141,1991-10-01,8716.0,9871.0,-0.2204632859314909,8362.0,-0.10149280902967417,9327.666666666666
142,1991-11-01,8498.0,8641.0,-0.23067173637515848,8149.666666666667,-0.19812546399406084,9149.75
143,1991-12-01,8487.0,8322.0,-0.11390686991021093,8058.75,-0.027235534774985415,9130.333333333334
144,1992-01-01,8261.0,8593.0,-0.15367277942833724,7933.75,-0.12101063829787229,9031.75
145,1992-02-01,6777.0,8565.0,-0.021371841155234605,7921.416666666667,-0.03569015987390223,9005.333333333334
146,1992-03-01,8654.0,9976.0,0.17278764060170748,8027.666666666667,0.051211801896733355,9045.833333333334
147,1992-04-01,8255.0,8884.0,-0.0038614697719319135,8025.0,-0.09843718286990055,8965.0
148,1992-05-01,7909.0,9017.0,-0.02646479566715898,8007.083333333333,-0.04863895336568902,8926.583333333334
149,1992-06-01,8321.0,9411.0,0.05235866953332491,8041.583333333333,0.010305958132045046,8934.583333333334
150,1992-07-01,7807.0,8445.0,-0.006995675400661372,8037.0,-0.01859384079023818,8921.25
151,1992-08-01,7463.0,7880.0,0.30312554566090455,8181.666666666667,-0.010174601180756193,8914.5
152,1992-09-01,7920.0,9579.0,-0.12311780336581046,8089.0,0.022414345180915785,8932.0
153,1992-10-01,8334.0,9769.0,-0.04382744378155112,8057.166666666667,-0.01033329956438056,8923.5
154,1992-11-01,8602.0,9353.0,0.012238173687926679,8065.833333333333,0.08239787061682669,8982.833333333334
155,1992-12-01,8852.0,8642.0,0.04300695180864844,8096.25,0.038452295121365054,9009.5
156,1993-01-01,8142.0,8140.0,-0.014405035709962433,8086.333333333333,-0.052717328057721446,8971.75
157,1993-02-01,8170.0,8685.0,0.20554817765973143,8202.416666666666,0.014010507880910739,8981.75
158,1993-03-01,9410.0,9544.0,0.08735844696094297,8265.416666666666,-0.04330392943063355,8945.75
159,1993-04-01,9507.0,9441.0,0.15166565717746816,8369.75,0.06269698334083751,8992.166666666666
160,1993-05-01,9342.0,8759.0,0.18118599064357066,8489.166666666666,-0.028612620605522943,8970.666666666666
161,1993-06-01,8045.0,10489.0,-0.033169090253575284,8466.166666666666,0.11454680692806285,9060.5
162,1993-07-01,8967.0,8176.0,0.14858460356090686,8562.833333333334,-0.03185316755476608,9038.083333333334
163,1993-08-01,8529.0,9635.0,0.14283800080396625,8651.666666666666,0.22271573604060912,9184.333333333334
164,1993-09-01,7002.0,9388.0,-0.11590909090909096,8575.166666666666,-0.019939450882138,9168.416666666666
165,1993-10-01,9315.0,10442.0,0.11771058315334781,8656.916666666666,0.06889139113522358,9224.5
166,1993-11-01,9002.0,9848.0,0.04650081376424087,8690.25,0.052924195445311684,9265.75
167,1993-12-01,8639.0,9918.0,-0.024062358788974225,8672.5,0.1476510067114094,9372.083333333334
168,1994-01-01,8253.0,9173.0,0.013633014001473764,8681.75,0.126904176904177,9458.166666666666
169,1994-02-01,8617.0,9602.0,0.05471236230110166,8719.0,0.10558434081750145,9534.583333333334
170,1994-03-01,8754.0,10974.0,-0.06971307120085013,8664.333333333334,0.14983235540653816,9653.75
171,1994-04-01,8314.0,9420.0,-0.12548648364363102,8564.916666666666,-0.0022243406418811507,9652.0
172,1994-05-01,9142.0,10165.0,-0.02140869192892314,8548.25,0.16052060737527118,9769.166666666666
173,1994-06-01,9675.0,11228.0,0.20261031696706033,8684.083333333334,0.07045476213175705,9830.75
174,1994-07-01,9532.0,9395.0,0.06300881008140968,8731.166666666666,0.14909491193737767,9932.333333333334
175,1994-08-01,6303.0,10769.0,-0.2609919099542737,8545.666666666666,0.11769590036325894,10026.833333333334
176,1994-09-01,8921.0,12086.0,0.27406455298486154,8705.583333333334,0.2873881550916062,10251.666666666666
177,1994-10-01,9468.0,13143.0,0.01642512077294689,8718.333333333334,0.25866692204558506,10476.75
178,1994-11-01,10243.0,10514.0,0.13785825372139526,8821.75,0.06762794476035738,10532.25
179,1994-12-01,9219.0,12194.0,0.06713740016205572,8870.083333333334,0.22948175035289364,10721.916666666666
180,1995-01-01,9878.0,12135.0,0.1968980976614565,9005.5,0.3229041752970674,10968.75
181,1995-02-01,9063.0,11758.0,0.05175815248926541,9042.666666666666,0.22453655488439916,11148.416666666666
182,1995-03-01,9058.0,14033.0,0.034726981951108016,9068.0,0.2787497721888099,11403.333333333334
183,1995-04-01,9800.0,10603.0,0.1787346644214578,9191.833333333334,0.125583864118896,11501.916666666666
184,1995-05-01,9234.0,12193.0,0.010063443447823284,9199.5,0.19950811608460395,11670.916666666666
185,1995-06-01,8969.0,10851.0,-0.07297157622739014,9140.666666666666,-0.033576772354827256,11639.5
186,1995-07-01,8429.0,10346.0,-0.1157154846831725,9048.75,0.10122405534858969,11718.75
187,1995-08-01,8760.0,11745.0,0.3898143741075679,9253.5,0.09063051351100371,11800.083333333334
188,1995-09-01,9165.0,12372.0,0.02735119381235296,9273.833333333334,0.02366374317392017,11823.916666666666
189,1995-10-01,9987.0,13374.0,0.0548162230671736,9317.083333333334,0.017575895914174744,11843.166666666666
190,1995-11-01,9804.0,11788.0,-0.042858537537830754,9280.5,0.12117177097203724,11949.333333333334
191,1995-12-01,11084.0,11488.0,0.20229959865495184,9435.916666666666,-0.057897326554043005,11890.5
192,1996-01-01,11243.0,13294.0,0.13818586758453133,9549.666666666666,0.09550885867325909,11987.083333333334
193,1996-02-01,11021.0,12854.0,0.21604325278605319,9712.833333333334,0.09321313148494648,12078.416666666666
194,1996-03-01,12330.0,13964.0,0.36122764407153896,9985.5,-0.0049169814009834,12072.666666666666
195,1996-04-01,13050.0,12674.0,0.3316326530612246,10256.333333333334,0.1953220786569838,12245.25
196,1996-05-01,11916.0,12191.0,0.29044834307992207,10479.833333333334,-0.000164028540966088,12245.083333333334
197,1996-06-01,11751.0,12360.0,0.3101795071914373,10711.666666666666,0.1390655239148466,12370.833333333334
198,1996-07-01,12053.0,11604.0,0.4299442401233835,11013.666666666666,0.12159288613957075,12475.666666666666
199,1996-08-01,13676.0,12320.0,0.5611872146118722,11423.333333333334,0.048957002979991504,12523.583333333334
200,1996-09-01,14271.0,12523.0,0.5571194762684124,11848.833333333334,0.012204978984804438,12536.166666666666
201,1996-10-01,14243.0,15075.0,0.4261540002002604,12203.5,0.12718707940780627,12677.916666666666
202,1996-11-01,15561.0,13776.0,0.5872093023255813,12683.25,0.1686460807600949,12843.583333333334
203,1996-12-01,15574.0,12463.0,0.4050884157343919,13057.416666666666,0.08487116991643462,12924.833333333334
204,1997-01-01,15304.0,14026.0,0.36120252601618774,13395.833333333334,0.05506243418083345,12985.833333333334
205,1997-02-01,12900.0,12778.0,0.17049269576263493,13552.416666666666,-0.005912556402676183,12979.5
206,1997-03-01,14393.0,12337.0,0.16731549067315488,13724.333333333334,-0.11651389286737324,12843.916666666666
207,1997-04-01,13597.0,15169.0,0.04191570881226059,13769.916666666666,0.19685971279785397,13051.833333333334
208,1997-05-01,13771.0,13550.0,0.1556730446458543,13924.5,0.11147567877942754,13165.083333333334
209,1997-06-01,11579.0,13795.0,-0.014637052165773157,13910.166666666666,0.11610032362459544,13284.666666666666
210,1997-07-01,14760.0,12976.0,0.22459138803617362,14135.75,0.11823509134781118,13399.0
211,1997-08-01,12044.0,13986.0,-0.11933313834454518,13999.75,0.13522727272727275,13537.833333333334
212,1997-09-01,13416.0,15439.0,-0.05991170906033216,13928.5,0.2328515531422184,13780.833333333334
213,1997-10-01,13399.0,16491.0,-0.05925717896510563,13858.166666666666,0.09393034825870639,13898.833333333334
214,1997-11-01,14307.0,14845.0,-0.08058608058608063,13753.666666666666,0.07759872241579568,13987.916666666666
215,1997-12-01,14202.0,13815.0,-0.08809554385514318,13639.333333333334,0.10848110406804135,14100.583333333334
216,1998-01-01,13434.0,15554.0,-0.12219027705175123,13483.5,0.10894053899900191,14227.916666666666
217,1998-02-01,10255.0,15019.0,-0.20503875968992247,13263.083333333334,0.175379558616372,14414.666666666666
218,1998-03-01,11754.0,17082.0,-0.18335301882859723,13043.166666666666,0.3846153846153846,14810.083333333334
219,1998-04-01,11084.0,14117.0,-0.18482018092226227,12833.75,-0.06935196782912523,14722.416666666666
220,1998-05-01,9595.0,13850.0,-0.3032459516374991,12485.75,0.022140221402213944,14747.416666666666
221,1998-06-01,9267.0,14459.0,-0.19967181967354697,12293.083333333334,0.04813338166002179,14802.75
222,1998-07-01,9139.0,13493.0,-0.38082655826558265,11824.666666666666,0.039842786683107256,14845.833333333334
223,1998-08-01,7469.0,12850.0,-0.3798571903022252,11443.416666666666,-0.0812240812240812,14751.166666666666
224,1998-09-01,9380.0,16014.0,-0.300834824090638,11107.083333333334,0.03724334477621616,14799.083333333334
225,1998-10-01,9202.0,16538.0,-0.313232330770953,10757.333333333334,0.00285003941543871,14803.0
226,1998-11-01,8917.0,15136.0,-0.37673865939749773,10308.166666666666,0.019602559784439144,14827.25
227,1998-12-01,8806.0,13820.0,-0.37994648641036477,9858.5,0.0003619254433586683,14827.666666666666
228,1999-01-01,8583.0,13033.0,-0.36109870477891914,9454.25,-0.16208049376366207,14617.583333333334
229,1999-02-01,8064.0,14092.0,-0.21365187713310585,9271.666666666666,-0.061721819029229685,14540.333333333334
230,1999-03-01,9618.0,17482.0,-0.18172537008677891,9093.666666666666,0.02341646177262624,14573.666666666666
231,1999-04-01,10246.0,14914.0,-0.07560447491880185,9023.833333333334,0.056456754267903975,14640.083333333334
232,1999-05-01,11241.0,13844.0,0.17154768108389784,9161.0,-0.00043321299638987565,14639.583333333334
233,1999-06-01,11481.0,15816.0,0.2389122693428294,9345.5,0.09385158033058993,14752.666666666666
234,1999-07-01,13979.0,12757.0,0.5295984243352665,9748.833333333334,-0.054546802045505105,14691.333333333334
235,1999-08-01,13664.0,14110.0,0.8294283036551078,10265.083333333334,0.0980544747081713,14796.333333333334
236,1999-09-01,15614.0,17406.0,0.6646055437100213,10784.583333333334,0.08692394155114269,14912.333333333334
237,1999-10-01,14802.0,17698.0,0.608563355792219,11251.25,0.07014149232071598,15009.0
238,1999-11-01,20411.0,17282.0,1.2889985421105754,12209.083333333334,0.14178118393234662,15187.833333333334
239,1999-12-01,21524.0,15842.0,1.4442425618896206,13268.916666666666,0.14630969609261935,15356.333333333334
240,2000-01-01,22494.0,16125.0,1.620761971338693,14428.166666666666,0.23724391928182298,15614.0
241,2000-02-01,21729.0,17001.0,1.6945684523809526,15566.916666666666,0.20642917967641217,15856.416666666666
242,2000-03-01,23942.0,18700.0,1.4892909128716987,16760.583333333332,0.06967166228120347,15957.916666666666
243,2000-04-01,20647.0,16214.0,1.0151278547725942,17627.333333333332,0.08716642081265924,16066.25
244,2000-05-01,24237.0,18695.0,1.156124899919936,18710.333333333332,0.3504045073678128,16470.5
245,2000-06-01,22156.0,18381.0,0.9297970560055744,19599.916666666668,0.16217754172989385,16684.25
246,2000-07-01,25914.0,14817.0,0.8537806710065097,20594.5,0.16147997178019913,16855.916666666668
247,2000-08-01,28714.0,17785.0,1.1014344262295084,21848.666666666668,0.2604535790219702,17162.166666666668
248,2000-09-01,25987.0,19202.0,0.6643396951453824,22713.083333333332,0.10318281052510625,17311.833333333332
249,2000-10-01,31233.0,20176.0,1.110052695581678,24082.333333333332,0.14001582099672283,17518.333333333332
250,2000-11-01,32881.0,20338.0,0.6109450786340698,25121.5,0.17683138525633613,17773.0
251,2000-12-01,26690.0,17956.0,0.24001115034380227,25552.0,0.13344274712788784,17949.166666666668
252,2001-01-01,30064.0,19577.0,0.3365341868942828,26182.833333333332,0.21407751937984498,18236.833333333332
253,2001-02-01,24097.0,18083.0,0.1089787841133969,26380.166666666668,0.06364331509911181,18327.0
254,2001-03-01,25506.0,19512.0,0.06532453429120366,26510.5,0.04342245989304816,18394.666666666668
255,2001-04-01,26515.0,17025.0,0.284205937908655,26999.5,0.05001850252867901,18462.25
256,2001-05-01,26375.0,19350.0,0.088212237488138,27177.666666666668,0.03503610591067141,18516.833333333332
257,2001-06-01,23721.0,19100.0,0.07063549377143885,27308.083333333332,0.03911647897285242,18576.75
258,2001-07-01,28768.0,15012.0,0.11013351856139542,27545.916666666668,0.013160558817574497,18593.0
259,2001-08-01,24413.0,16239.0,-0.14978756007522465,27187.5,-0.0869271858307562,18464.166666666668
260,2001-09-01,24451.0,17436.0,-0.05910647631508059,27059.5,-0.09196958650140608,18317.0
261,2001-10-01,24939.0,19704.0,-0.2015176255883201,26535.0,-0.02339413164155435,18277.666666666668
262,2001-11-01,20156.0,18435.0,-0.3870016118731182,25474.583333333332,-0.09356868915330907,18119.083333333332
263,2001-12-01,24665.0,16859.0,-0.07587111277632075,25305.833333333332,-0.06109378480730676,18027.666666666668
264,2002-01-01,19732.0,16734.0,-0.34366684406599257,24444.833333333332,-0.1452214333146039,17790.75
265,2002-02-01,20075.0,16492.0,-0.16690874382703236,24109.666666666668,-0.08798318863020516,17658.166666666668
266,2002-03-01,21838.0,17097.0,-0.14380929977260248,23804.0,-0.12376998769987702,17456.916666666668
267,2002-04-01,24272.0,17789.0,-0.0845936262492929,23617.083333333332,0.04487518355359765,17520.583333333332
268,2002-05-01,21562.0,17028.0,-0.18248341232227483,23216.0,-0.12,17327.083333333332
269,2002-06-01,20479.0,16633.0,-0.1366721470427048,22945.833333333332,-0.12916230366492143,17121.5
270,2002-07-01,21540.0,14643.0,-0.2512513904338154,22343.5,-0.024580335731414826,17090.75
271,2002-08-01,21900.0,15402.0,-0.1029369598164912,22134.083333333332,-0.051542582671346704,17021.0
272,2002-09-01,20566.0,17673.0,-0.15888920698539932,21810.333333333332,0.013592567102546527,17040.75
273,2002-10-01,22520.0,17938.0,-0.09699667187938565,21608.75,-0.08962647178237926,16893.583333333332
274,2002-11-01,24387.0,16635.0,0.20991268108751737,21961.333333333332,-0.0976403580146461,16743.583333333332
275,2002-12-01,25509.0,15890.0,0.03421852827893779,22031.666666666668,-0.057476718666587545,16662.833333333332
276,2003-01-01,24244.0,16083.0,0.22866409892560302,22407.666666666668,-0.03890283255647187,16608.583333333332
277,2003-02-01,24699.0,15750.0,0.23033623910336232,22793.0,-0.044991511035653686,16546.75
278,2003-03-01,23785.0,16442.0,0.08915651616448383,22955.25,-0.03831081476282394,16492.166666666668
279,2003-04-01,23593.0,16891.0,-0.027974620962425867,22898.666666666668,-0.050480634099724586,16417.333333333332
280,2003-05-01,20692.0,17430.0,-0.04034876171041646,22826.166666666668,0.02360817477096555,16450.833333333332
281,2003-06-01,18142.0,15919.0,-0.11411690023926946,22631.416666666668,-0.04292671195815545,16391.333333333332
282,2003-07-01,21480.0,15460.0,-0.0027855153203342198,22626.416666666668,0.05579457761387685,16459.416666666668
283,2003-08-01,22198.0,14524.0,0.013607305936073066,22651.25,-0.05700558369042985,16386.25
284,2003-09-01,19498.0,18536.0,-0.05193037051444127,22562.25,0.048831550953431835,16458.166666666668
285,2003-10-01,22296.0,20455.0,-0.00994671403197156,22543.583333333332,0.14031664622588913,16667.916666666668
286,2003-11-01,23327.0,17807.0,-0.04346578094886622,22455.25,0.07045386233844297,16765.583333333332
287,2003-12-01,24566.0,16296.0,-0.036967344858677365,22376.666666666668,0.02555066079295165,16799.416666666668
288,2004-01-01,24304.0,17074.0,0.0024748391354560972,22381.666666666668,0.06161785736491954,16882.0
289,2004-02-01,27308.0,17054.0,0.10563180695574714,22599.083333333332,0.08279365079365086,16990.666666666668
290,2004-03-01,25579.0,21438.0,0.0754256884591129,22748.583333333332,0.30385597859141233,17407.0
291,2004-04-01,26277.0,17823.0,0.1137625566905438,22972.25,0.0551773133621456,17484.666666666668
292,2004-05-01,26258.0,16387.0,0.2689928474772858,23436.083333333332,-0.05983935742971891,17397.75
293,2004-06-01,24563.0,19497.0,0.3539301069341858,23971.166666666668,0.22476286198881845,17695.916666666668
294,2004-07-01,30886.0,16220.0,0.43789571694599627,24755.0,0.04915912031047864,17759.25
295,2004-08-01,23774.0,18062.0,0.07099738715199577,24886.333333333332,0.24359680528779948,18054.083333333332
296,2004-09-01,27224.0,20841.0,0.39624576879679974,25530.166666666668,0.12435261113508855,18246.166666666668
297,2004-10-01,31386.0,20275.0,0.40769644779332626,26287.666666666668,-0.008799804448790027,18231.166666666668
298,2004-11-01,29576.0,21711.0,0.2678869978994298,26808.416666666668,0.21923962486662552,18556.5
299,2004-12-01,25643.0,19423.0,0.043841081169095464,26898.166666666668,0.1918875797741777,18817.083333333332
300,2005-01-01,29867.0,17942.0,0.22889236339697172,27361.75,0.0508375307485065,18889.416666666668
301,2005-02-01,29957.0,19752.0,0.09700454079390664,27582.5,0.15820335405183528,19114.25
302,2005-03-01,32486.0,21392.0,0.27002619336174205,28158.083333333332,-0.0021457225487452325,19110.416666666668
303,2005-04-01,34325.0,22029.0,0.3062754500133196,28828.75,0.23598720754081803,19460.916666666668
304,2005-05-01,32217.0,19536.0,0.226940361032828,29325.333333333332,0.19216452065661804,19723.333333333332
305,2005-06-01,28718.0,20726.0,0.16915686194683066,29671.583333333332,0.06303533877006728,19825.75
306,2005-07-01,34954.0,18073.0,0.13171015994301616,30010.583333333332,0.1142416769420469,19980.166666666668
307,2005-08-01,36269.0,20746.0,0.5255741566417094,31051.833333333332,0.14859926918392197,20203.833333333332
308,2005-09-01,32930.0,22870.0,0.20959447546282695,31527.333333333332,0.0973561729283623,20372.916666666668
309,2005-10-01,39650.0,24329.0,0.26330210922067154,32216.0,0.19995067817509238,20710.75
310,2005-11-01,34933.0,22883.0,0.18112658912631874,32662.416666666668,0.05398185251715715,20808.416666666668
311,2005-12-01,41073.0,22344.0,0.6017236672776196,33948.25,0.15038871441075008,21051.833333333332
312,2006-01-01,46098.0,22919.0,0.5434425955067466,35300.833333333336,0.27739382454575856,21466.583333333332
313,2006-02-01,38715.0,22547.0,0.29235237173281714,36030.666666666664,0.1415046577561765,21699.5
314,2006-03-01,44722.0,27536.0,0.376654558886905,37050.333333333336,0.287210172026926,22211.5
315,2006-04-01,38831.0,22733.0,0.13127458120903124,37425.833333333336,0.031957873711925266,22270.166666666668
316,2006-05-01,38574.0,23772.0,0.19731818605084261,37955.583333333336,0.2168304668304668,22623.166666666668
317,2006-06-01,38439.0,26730.0,0.33849850268124526,38765.666666666664,0.2896844543085979,23123.5
318,2006-07-01,40647.0,21223.0,0.16287120215139894,39240.083333333336,0.17429314446965094,23386.0
319,2006-08-01,38531.0,26244.0,0.06236731092668668,39428.583333333336,0.26501494263954495,23844.166666666668
320,2006-09-01,33953.0,26052.0,0.031065897358032224,39513.833333333336,0.13913423699169214,24109.333333333332
321,2006-10-01,38944.0,28621.0,-0.017805800756620416,39455.0,0.17641497800978256,24467.0
322,2006-11-01,38466.0,28754.0,0.10113646122577502,39749.416666666664,0.2565660097015252,24956.25
323,2006-12-01,37719.0,24803.0,-0.08165948433277337,39469.916666666664,0.11005191550304327,25161.166666666668
324,2007-01-01,39980.0,27266.0,-0.13271725454466576,38960.083333333336,0.18966796108032646,25523.416666666668
325,2007-02-01,33897.0,25335.0,-0.12444788841534293,38558.583333333336,0.12365281412161266,25755.75
326,2007-03-01,37851.0,30035.0,-0.1536380304995304,37986.0,0.09075392213829159,25964.0
327,2007-04-01,36595.0,26072.0,-0.057582859055908986,37799.666666666664,0.1468789864954032,26242.25
328,2007-05-01,35497.0,27359.0,-0.07976875615699697,37543.25,0.15089180548544512,26541.166666666668
329,2007-06-01,30459.0,31889.0,-0.2076016545695778,36878.25,0.19300411522633754,26971.083333333332
330,2007-07-01,34220.0,25137.0,-0.15811745024233026,36342.666666666664,0.1844225604297225,27297.25
331,2007-08-01,36205.0,26816.0,-0.06036697723910622,36148.833333333336,0.02179545800944971,27344.916666666668
332,2007-09-01,36584.0,25479.0,0.07748947073896262,36368.083333333336,-0.021994472593275027,27297.166666666668
333,2007-10-01,41441.0,30164.0,0.06411770747740353,36576.166666666664,0.05391146361063548,27425.75
334,2007-11-01,41469.0,30927.0,0.07806894400249575,36826.416666666664,0.07557209431731238,27606.833333333332
335,2007-12-01,47572.0,28075.0,0.2612211352368832,37647.5,0.13191952586380684,27879.5
336,2008-01-01,47918.0,30081.0,0.19854927463731875,38309.0,0.10324213305948793,28114.083333333332
337,2008-02-01,48376.0,30162.0,0.4271469451573886,39515.583333333336,0.19052693901717,28516.333333333332
338,2008-03-01,50741.0,27162.0,0.34054582441679226,40589.75,-0.09565506908606625,28276.916666666668
339,2008-04-01,51686.0,31764.0,0.4123787402650636,41847.333333333336,0.218318502608162,28751.25
340,2008-05-01,52248.0,30074.0,0.4718990337211595,43243.25,0.09923608319017507,28977.5
341,2008-06-01,50451.0,30489.0,0.656357726780262,44909.25,-0.04390228605475244,28860.833333333332
342,2008-07-01,49408.0,29912.0,0.443834015195792,46174.916666666664,0.18995902454549074,29258.75
343,2008-08-01,49248.0,28841.0,0.3602541085485431,47261.833333333336,0.07551461813842475,29427.5
344,2008-09-01,39648.0,32725.0,0.08375246009184334,47517.166666666664,0.28439106715334206,30031.333333333332
345,2008-10-01,50691.0,32558.0,0.22320889939914568,48288.0,0.07936613181275698,30230.833333333332
346,2008-11-01,47814.0,28394.0,0.15300585979888592,48816.75,-0.08190254470204028,30019.75
347,2008-12-01,45638.0,26127.0,-0.04065416631632057,48655.583333333336,-0.06938557435440784,29857.416666666668
348,2009-01-01,42699.0,24515.0,-0.10891523018489924,48220.666666666664,-0.18503374222931424,29393.583333333332
349,2009-02-01,39840.0,24203.0,-0.17645113279312052,47509.333333333336,-0.19756647437172603,28897.0
350,2009-03-01,41214.0,26337.0,-0.18775743481602647,46715.416666666664,-0.030373315661586076,28828.25
351,2009-04-01,31270.0,23446.0,-0.39500058042796893,45014.083333333336,-0.2618687822692356,28135.083333333332
352,2009-05-01,30770.0,22472.0,-0.41107793599755016,43224.25,-0.25277648467114455,27501.583333333332
353,2009-06-01,29762.0,25724.0,-0.41008106875978667,41500.166666666664,-0.15628587359375512,27104.5
354,2009-07-01,33882.0,26224.0,-0.3142406088082902,40206.333333333336,-0.12329499866274407,26797.166666666668
355,2009-08-01,31495.0,23084.0,-0.36048164392462634,38726.916666666664,-0.1996116639506258,26317.416666666668
356,2009-09-01,29422.0,27681.0,-0.25791969330104925,37874.75,-0.15413292589763183,25897.083333333332
357,2009-10-01,34317.0,28520.0,-0.32301591998579626,36510.25,-0.12402481724921677,25560.583333333332
358,2009-11-01,35552.0,27673.0,-0.2564520851633413,35488.416666666664,-0.025392688596182267,25500.5
359,2009-12-01,35765.0,25109.0,-0.21633288049432486,34665.666666666664,-0.03896352432349681,25415.666666666668
360,2010-01-01,36998.0,26326.0,-0.13351600740064173,34190.583333333336,0.07387313889455438,25566.583333333332
361,2010-02-01,39046.0,25354.0,-0.01992971887550199,34124.416666666664,0.04755608808825351,25662.5
362,2010-03-01,40010.0,30131.0,-0.029213374096180855,34024.083333333336,0.14405589095189275,25978.666666666668
363,2010-04-01,37626.0,24831.0,0.20326191237607927,34553.75,0.059071909920668686,26094.083333333332
364,2010-05-01,32631.0,26361.0,0.06048098797530055,34708.833333333336,0.173059807760769,26418.166666666668
365,2010-06-01,35902.0,29753.0,0.2063033398293126,35220.5,0.15662416420463376,26753.916666666668
366,2010-07-01,34417.0,26381.0,0.01579009503571216,35265.083333333336,0.005986882245271552,26767.0
367,2010-08-01,29669.0,26458.0,-0.05797745673916499,35112.916666666664,0.14616184370126484,27048.166666666668
368,2010-09-01,32571.0,30473.0,0.10702875399361012,35375.333333333336,0.10086340811386862,27280.833333333332
369,2010-10-01,38816.0,28110.0,0.13110120348515308,35750.25,-0.014375876577840119,27246.666666666668
370,2010-11-01,41823.0,31181.0,0.17638951395139513,36272.833333333336,0.12676616196292412,27539.0
371,2010-12-01,48072.0,28128.0,0.3441073675380959,37298.416666666664,0.12023577203393199,27790.583333333332
372,2011-01-01,48963.0,27218.0,0.3233958592356343,38295.5,0.03388285345286035,27864.916666666668
373,2011-02-01,42680.0,27914.0,0.093069712646622,38598.333333333336,0.10097026110278451,28078.25
374,2011-03-01,48983.0,33217.0,0.22426893276680837,39346.083333333336,0.10241943513325147,28335.416666666668
375,2011-04-01,47471.0,29959.0,0.2616541753043109,40166.5,0.20651604848777727,28762.75
376,2011-05-01,37193.0,31234.0,0.13980570623027178,40546.666666666664,0.18485641667615038,29168.833333333332
377,2011-06-01,36783.0,30170.0,0.024539022895660345,40620.083333333336,0.01401539340570701,29203.583333333332
378,2011-07-01,43504.0,28071.0,0.2640264985327019,41377.333333333336,0.06406125620711878,29344.416666666668
379,2011-08-01,41158.0,29311.0,0.3872392059051535,42334.75,0.10783127976415452,29582.166666666668
380,2011-09-01,41538.0,32361.0,0.27530625402965825,43082.0,0.06195648606963533,29739.5
381,2011-10-01,42701.0,29230.0,0.10008759274525958,43405.75,0.03984347207399508,29832.833333333332
382,2011-11-01,49247.0,32239.0,0.17750998254548933,44024.416666666664,0.033930919470190224,29921.0
383,2011-12-01,52141.0,29194.0,0.08464386753203534,44363.5,0.037898179749715544,30009.833333333332
384,2012-01-01,53076.0,29901.0,0.08400220574719697,44706.25,0.09857447277536924,30233.416666666668
385,2012-02-01,56327.0,29870.0,0.31975164011246493,45843.5,0.07007236512144455,30396.416666666668
386,2012-03-01,56599.0,33465.0,0.15548251434171045,46478.166666666664,0.0074660565373152465,30417.083333333332
387,2012-04-01,48049.0,27379.0,0.012175854732362934,46526.333333333336,-0.08611769418204884,30202.083333333332
388,2012-05-01,49252.0,31462.0,0.3242276772510957,47531.25,0.007299737465582323,30221.083333333332
389,2012-06-01,40242.0,31176.0,0.0940380066878721,47819.5,0.033344381836261094,30304.916666666668
390,2012-07-01,44046.0,26640.0,0.012458624494299464,47864.666666666664,-0.050977877524847726,30185.666666666668
391,2012-08-01,44483.0,29464.0,0.0807862383983673,48141.75,0.0052198833202552475,30198.416666666668
392,2012-09-01,34460.0,30592.0,-0.17039818960951414,47551.916666666664,-0.05466456537189823,30051.0
393,2012-10-01,50466.0,31506.0,0.18184585841081002,48199.0,0.07786520697913102,30240.666666666668
394,2012-11-01,45135.0,31859.0,-0.08349747192722401,47856.333333333336,-0.01178696609696328,30209.0
395,2012-12-01,47724.0,26392.0,-0.08471260620241272,47488.25,-0.09597862574501614,29975.5
396,2013-01-01,45444.0,30809.0,-0.14379380510965412,46852.25,0.030366877361961198,30051.166666666668
397,2013-02-01,45314.0,28914.0,-0.1955190228487227,45934.5,-0.03200535654502845,29971.5
398,2013-03-01,46442.0,30026.0,-0.17945546741108498,45088.083333333336,-0.10276408187658748,29684.916666666668
399,2013-04-01,40613.0,29691.0,-0.15475868384357638,44468.416666666664,0.08444428211402899,29877.583333333332
400,2013-05-01,43506.0,29083.0,-0.11666531308373262,43989.583333333336,-0.07561502765240613,29679.333333333332
401,2013-06-01,41430.0,32368.0,0.029521395556880936,44088.583333333336,0.03823453938927379,29778.666666666668
402,2013-07-01,48642.0,29735.0,0.10434545702220399,44471.583333333336,0.1161786786786787,30036.583333333332
403,2013-08-01,43324.0,29459.0,-0.026054897376525887,44375.0,-0.00016969861525928387,30036.166666666668
404,2013-09-01,37771.0,29723.0,0.09608241439349974,44650.916666666664,-0.02840611924686187,29963.75
405,2013-10-01,47080.0,32793.0,-0.06709467760472398,44368.75,0.040849362026280644,30071.0
406,2013-11-01,53130.0,33477.0,0.17713526088401466,45035.0,0.05078627703317751,30205.833333333332
407,2013-12-01,52476.0,28289.0,0.09957254211717381,45431.0,0.07187784177023349,30363.916666666668
408,2014-01-01,55005.0,33961.0,0.21039081066807497,46227.75,0.10230776721087986,30626.583333333332
409,2014-02-01,46134.0,30693.0,0.018095952685704297,46296.083333333336,0.06152728781904959,30774.833333333332
410,2014-03-01,50001.0,31820.0,0.07663321993023553,46592.666666666664,0.05974821821088394,30924.333333333332
411,2014-04-01,43782.0,31099.0,0.07802920247211476,46856.75,0.04742177764305677,31041.666666666668
412,2014-05-01,38994.0,32848.0,-0.10370983312646531,46480.75,0.12945707114121663,31355.416666666668
413,2014-06-01,34858.0,30191.0,-0.15862901279266228,45933.083333333336,-0.06725778546712802,31174.0
414,2014-07-01,39092.0,30655.0,-0.19633238764853422,45137.25,0.03093996973263824,31250.666666666668
415,2014-08-01,37661.0,30070.0,-0.13071276890407169,44665.333333333336,0.02074069045113558,31301.583333333332
416,2014-09-01,38119.0,33084.0,0.009213417701411153,44694.333333333336,0.11307741479662226,31581.666666666668
417,2014-10-01,48510.0,36994.0,0.030373831775700966,44813.5,0.12810660811758612,31931.75
418,2014-11-01,40210.0,32704.0,-0.24317711274233011,43736.833333333336,-0.023090480031066063,31867.333333333332
419,2014-12-01,42021.0,33175.0,-0.19923393551337754,42865.583333333336,0.1727173106154336,32274.5
420,2015-01-01,35918.0,33369.0,-0.3470048177438415,41275.0,-0.017431759959954052,32225.166666666668
421,2015-02-01,37158.0,31066.0,-0.19456366237482114,40527.0,0.0121526080865344,32256.25
422,2015-03-01,41566.0,37301.0,-0.1686966260674787,39824.083333333336,0.17225015713387815,32713.0
423,2015-04-01,32828.0,32025.0,-0.25019414371202775,38911.25,0.0297758770378469,32790.166666666664
424,2015-05-01,35136.0,32209.0,-0.098938298199723,38589.75,-0.019453239162201652,32736.916666666668
425,2015-06-01,34734.0,35570.0,-0.0035572895748464672,38579.416666666664,0.1781656785134642,33185.166666666664
426,2015-07-01,35095.0,33661.0,-0.10224598383300931,38246.333333333336,0.0980590442015985,33435.666666666664
427,2015-08-01,34429.0,29455.0,-0.08581822044024323,37977.0,-0.020452278017958125,33384.416666666664
428,2015-09-01,32717.0,35617.0,-0.1417141058264907,37526.833333333336,0.07656268891306972,33595.5
429,2015-10-01,37880.0,35768.0,-0.21913007627293346,36641.0,-0.03314050927177381,33493.333333333336
430,2015-11-01,33379.0,33512.0,-0.1698831136533201,36071.75,0.024706457925635972,33560.666666666664
431,2015-12-01,31516.0,34420.0,-0.2499940505937508,35196.333333333336,0.03752825923134884,33664.416666666664
432,2016-01-01,29364.0,30836.0,-0.18247118436438559,34650.166666666664,-0.07590877760795944,33453.333333333336
433,2016-02-01,27982.0,32280.0,-0.24694547607513861,33885.5,0.039078091804545245,33554.5
434,2016-03-01,28832.0,33012.0,-0.30635615647404124,32824.333333333336,-0.11498351250636707,33197.083333333336
435,2016-04-01,28016.0,32866.0,-0.14658218593883265,32423.333333333332,0.02626073380171734,33267.166666666664
436,2016-05-01,27544.0,30517.0,-0.21607468123861562,31790.666666666668,-0.052531901021453664,33126.166666666664
437,2016-06-01,24031.0,34767.0,-0.30814187827488915,30898.75,-0.022575203823446688,33059.25
438,2016-07-01,28608.0,30149.0,-0.18484114546231656,30358.166666666668,-0.10433439291761981,32766.583333333332
439,2016-08-01,27855.0,30919.0,-0.1909436811989892,29810.333333333332,0.049702936683075905,32888.583333333336
440,2016-09-01,22329.0,34927.0,-0.31751077421523977,28944.666666666668,-0.01937277142937366,32831.083333333336
441,2016-10-01,34854.0,30837.0,-0.07988384371700108,28692.5,-0.13786065757101318,32420.166666666668
442,2016-11-01,35722.0,33163.0,0.07019383444680782,28887.75,-0.010414179995225537,32391.083333333332
443,2016-12-01,37404.0,32264.0,0.18682573930701873,29378.416666666668,-0.06263800116211504,32211.416666666668
444,2017-01-01,41952.0,31835.0,0.4286881896199428,30427.416666666668,0.032397198080166056,32294.666666666668
445,2017-02-01,36530.0,31729.0,0.30548209563290696,31139.75,-0.01706939281288722,32248.75
446,2017-03-01,37139.0,38772.0,0.2881173695893451,31832.0,0.17448200654307522,32728.75
447,2017-04-01,35822.0,32110.0,0.2786264991433467,32482.5,-0.023002494979614152,32665.75
448,2017-05-01,33414.0,35038.0,0.21311356375254142,32971.666666666664,0.14814693449552707,33042.5
449,2017-06-01,30296.0,37278.0,0.2607049228080396,33493.75,0.07222366036758987,33251.75
450,2017-07-01,30822.0,32123.0,0.07739093959731536,33678.25,0.06547480845135834,33416.25
451,2017-08-01,33935.0,34517.0,0.21827320050260268,34184.916666666664,0.1163685759565316,33716.083333333336
452,2017-09-01,31011.0,34671.0,0.3888217116753998,34908.416666666664,-0.007329573109628673,33694.75
453,2017-10-01,37732.0,37445.0,0.08257301887875146,35148.25,0.21428803061257584,34245.416666666664
454,2017-11-01,39831.0,37932.0,0.11502715413470699,35490.666666666664,0.14380484274643424,34642.833333333336
455,2017-12-01,42640.0,35093.0,0.139985028339215,35927.0,0.08768286635259104,34878.583333333336
456,2018-01-01,45967.0,37167.0,0.09570461479786418,36261.583333333336,0.16748861316161467,35322.916666666664
457,2018-02-01,39720.0,35713.0,0.08732548590199829,36527.416666666664,0.1255633647451857,35654.916666666664
458,2018-03-01,44207.0,38016.0,0.1903120708688979,37116.416666666664,-0.01949860724233987,35591.916666666664
459,2018-04-01,42236.0,37384.0,0.17905197923064042,37650.916666666664,0.1642478978511368,36031.416666666664
460,2018-05-01,40867.0,37653.0,0.22305021847129947,38272.0,0.07463325532279241,36249.333333333336
461,2018-06-01,39045.0,39545.0,0.28878399788750997,39001.083333333336,0.06081334835559837,36438.25
462,2018-07-01,46475.0,34289.0,0.5078515346181298,40305.5,0.06742832238582941,36618.75
463,2018-08-01,46245.0,40207.0,0.3627523206129364,41331.333333333336,0.16484630761653674,37092.916666666664
464,2018-09-01,44574.0,36298.0,0.43736093644190777,42461.583333333336,0.04692682645438562,37228.5
465,2018-10-01,56546.0,43070.0,0.49862185942966186,44029.416666666664,0.1502203231406063,37697.25
466,2018-11-01,46244.0,42229.0,0.1610052471692902,44563.833333333336,0.11328166192133282,38055.333333333336
467,2018-12-01,42177.0,36000.0,-0.010858348968105114,44525.25,0.025845610235659455,38130.916666666664
